student_id,Name,email,dob,address,number_of_people
2849212,Odie Divell,odivell0@360.cn,12/28/1995,92 Heath Pass,2
2890722,Illa Prettejohns,iprettejohns1@meetup.com,8/18/1999,4 Chive Alley,2
2803675,Cindi Sewards,csewards2@oakley.com,1/3/1996,5633 Algoma Pass,2
2892496,Audrie Ferrari,aferrari3@fastcompany.com,4/13/1999,8246 Warbler Parkway,2
2898974,Ava Davydzenko,adavydzenko4@goo.gl,12/1/2000,7 Vernon Parkway,3
2886083,Amaleta Denman,adenman5@hubpages.com,12/15/1996,61850 Express Street,4
2816938,Tonnie McPhilip,tmcphilip6@ibm.com,10/6/1997,03 Sommers Parkway,1
2894269,Aubrette Aguirre,aaguirre7@zimbio.com,11/11/1993,3484 Reinke Street,1
2835396,Saxe Waight,swaight8@marketwatch.com,4/6/1999,9345 Tennyson Street,3
2852237,Bee Fanthom,bfanthom9@spotify.com,7/8/1992,66559 Linden Point,2
2857652,Svend Bortolazzi,sbortolazzia@reddit.com,12/6/1993,33914 International Hill,4
2815596,Shell Rylands,srylandsb@rediff.com,5/24/1996,638 Elmside Avenue,3
2836360,Kaspar Merriment,kmerrimentc@typepad.com,11/7/1999,5370 Springs Hill,2
2824096,Gabbi Manger,gmangerd@ebay.co.uk,3/19/2001,9305 Dorton Way,2
2861025,Hunt Cadalleder,hcadalledere@wired.com,1/27/1991,406 Sauthoff Circle,2
2876835,Sergei Garlinge,sgarlingef@nydailynews.com,3/3/1993,7 Twin Pines Circle,1
2826772,Kennie Silvester,ksilvesterg@ocn.ne.jp,12/26/1990,9109 Ridgeview Place,2
2843563,Mariam Kirke,mkirkeh@oaic.gov.au,7/3/1992,0921 Merry Road,1
2823116,Even Ranfield,eranfieldi@dion.ne.jp,2/27/2001,10 Menomonie Terrace,1
2818452,Quintana Ouver,qouverj@craigslist.org,9/13/2002,0021 Sycamore Street,1
2842322,Anne Bellow,abellowk@phoca.cz,4/2/2001,4 Scofield Place,3
2820214,Leonore Aldus,laldusl@odnoklassniki.ru,10/2/2000,193 Towne Alley,1
2852215,Vinny Metterick,vmetterickm@gravatar.com,4/10/2001,7136 Clyde Gallagher Hill,1
2837304,Ida Jimeno,ijimenon@ucoz.ru,12/29/1999,13857 Village Park,2
2887329,Ruperta Shearstone,rshearstoneo@comcast.net,3/3/1990,52 Laurel Lane,2
2865263,Fredra Gerlts,fgerltsp@tripadvisor.com,6/4/1991,00439 North Center,1
2803056,Audrey Giorgioni,agiorgioniq@usgs.gov,1/16/1995,1 Bayside Parkway,3
2838630,Tasha Tue,ttuer@cnet.com,7/16/2001,8523 Artisan Plaza,2
2887157,Lenore Stockow,lstockows@123-reg.co.uk,3/18/2000,76 Lakewood Hill,2
2894051,Kora MacCaull,kmaccaullt@ucsd.edu,7/3/1990,97238 Warbler Road,3
2849248,Lezley Kenningley,lkenningleyu@homestead.com,6/18/1998,78 Bunker Hill Alley,1
2870772,Fifine Bowell,fbowellv@si.edu,10/19/1990,446 Briar Crest Hill,2
2842443,Munroe Doniso,mdonisow@is.gd,6/20/2000,118 Clemons Road,4
2859013,Cazzie Kernell,ckernellx@senate.gov,12/7/1998,795 Kipling Circle,1
2825572,Emilie Raymond,eraymondy@slideshare.net,3/26/2002,0872 Debra Trail,3
2814946,Jacquelynn Frankowski,jfrankowskiz@indiegogo.com,8/30/2000,5859 Summerview Road,1
2864221,Bili Keyse,bkeyse10@so-net.ne.jp,3/13/2000,36840 Bobwhite Pass,3
2823197,Aigneis Hackey,ahackey11@patch.com,12/30/2000,53 Oakridge Street,1
2890788,Natalina Drinkwater,ndrinkwater12@apache.org,11/21/1996,25 Hooker Park,4
2883206,Nat Lehrer,nlehrer13@ifeng.com,3/4/1997,112 Welch Center,3
2876853,Sianna Gerrels,sgerrels14@zimbio.com,7/26/2000,086 Dayton Trail,1
2895355,Oralie Waskett,owaskett15@buzzfeed.com,8/9/2000,56561 Brickson Park Point,2
2808568,Shaine Spellissy,sspellissy16@sakura.ne.jp,2/19/1999,9 Spohn Terrace,2
2814851,Livvie Toone,ltoone17@gov.uk,10/6/1992,50403 Rowland Terrace,3
2878382,Herold Velte,hvelte18@gizmodo.com,4/8/1996,7 Lakewood Junction,3
2884463,Germaine Choules,gchoules19@g.co,7/25/1994,49163 Sherman Point,3
2832796,Kelbee Drinkel,kdrinkel1a@nature.com,7/22/2003,883 Darwin Street,3
2866639,Palm Wholesworth,pwholesworth1b@theglobeandmail.com,10/26/1992,1037 Northview Circle,4
2865444,Merola Ellson,mellson1c@pinterest.com,10/27/1990,5651 Dixon Plaza,1
2810559,Colas Hanfrey,chanfrey1d@wikipedia.org,8/3/1990,3415 Raven Parkway,1
2806639,Delphine Carslaw,dcarslaw1e@nydailynews.com,12/7/2001,4 West Plaza,1
2848806,Lek Dany,ldany1f@hao123.com,12/18/2001,6371 Lillian Way,4
2894621,Myrilla Hartgill,mhartgill1g@howstuffworks.com,12/6/1997,158 Derek Court,3
2898299,Gottfried Gudahy,ggudahy1h@amazonaws.com,3/30/2000,69356 Sundown Lane,1
2826818,Woody Blonden,wblonden1i@youku.com,10/6/1990,61 Cottonwood Road,1
2804348,Zerk Guise,zguise1j@theatlantic.com,10/15/1992,98 Green Lane,3
2833042,Maegan Mackney,mmackney1k@intel.com,9/18/1993,22 Bartillon Trail,1
2864097,Nikaniki Fearick,nfearick1l@feedburner.com,9/20/1994,173 Johnson Trail,2
2880525,Morgun Aggett,maggett1m@ucsd.edu,10/14/2003,160 Grayhawk Way,2
2805129,Laural O'Dougherty,lodougherty1n@amazon.de,5/16/1993,5 Main Street,3
2837827,Luce Scarratt,lscarratt1o@java.com,5/23/1990,02 Holmberg Trail,1
2850992,Cara Hodges,chodges1p@simplemachines.org,8/15/1998,0759 New Castle Avenue,1
2877544,Hermine Howitt,hhowitt1q@ted.com,11/27/1991,45 Bartillon Terrace,4
2830617,Quinn Margram,qmargram1r@hp.com,5/28/1993,561 Lawn Road,4
2818659,Gaultiero Hankard,ghankard1s@yandex.ru,1/9/1997,608 Lillian Alley,1
2841955,Clay Dellar,cdellar1t@networkadvertising.org,6/7/1998,01 Dixon Way,2
2817336,Mona Jeandot,mjeandot1u@japanpost.jp,8/30/1996,06304 Saint Paul Park,3
2873703,Baily Austin,baustin1v@webmd.com,11/16/1993,8391 Florence Trail,2
2818031,Jocelin Stancliffe,jstancliffe1w@spotify.com,8/7/1999,8086 Express Lane,3
2851348,Scott By,sby1x@phoca.cz,7/9/2001,94581 Fieldstone Trail,1
2892582,Ardath Gittens,agittens1y@purevolume.com,6/19/1998,775 Southridge Drive,1
2846042,Melba Schade,mschade1z@twitter.com,8/10/1995,2111 Straubel Way,2
2878001,Charmane Gimblett,cgimblett20@google.com.br,2/12/1999,9 Schlimgen Lane,3
2863670,Dniren Haulkham,dhaulkham21@surveymonkey.com,7/26/1991,1 Ridgeview Crossing,3
2878138,Cele Newbegin,cnewbegin22@timesonline.co.uk,9/29/1992,74820 Scofield Pass,1
2881534,Octavius Gorey,ogorey23@hud.gov,12/25/1993,7 Express Plaza,2
2806196,Kiley De Giorgio,kde24@ifeng.com,7/9/1995,190 Clyde Gallagher Pass,3
2884817,Herschel Gleader,hgleader25@si.edu,11/16/1997,05 Weeping Birch Hill,1
2840566,Lance McVrone,lmcvrone26@aol.com,7/17/1993,886 Moose Drive,4
2880309,Garrek Clemanceau,gclemanceau27@sogou.com,8/31/1991,40 Ridgeway Pass,1
2863213,Lenka McMaster,lmcmaster28@wikispaces.com,9/15/2001,3 Milwaukee Plaza,1
2831640,Andrey Fogel,afogel29@ebay.com,2/14/2001,52 Londonderry Court,1
2845860,Cristian Caspell,ccaspell2a@wordpress.com,10/23/1996,4917 Village Green Lane,1
2860184,Johanna Renac,jrenac2b@so-net.ne.jp,2/25/1991,577 Fair Oaks Parkway,1
2877292,Janina Denkin,jdenkin2c@unesco.org,7/16/2002,0 Blaine Road,2
2893961,Linet Goldby,lgoldby2d@skype.com,4/6/2000,6646 Kings Terrace,1
2877186,Mavra Raynard,mraynard2e@census.gov,4/12/1999,5023 Northridge Alley,2
2816699,Valma Petyanin,vpetyanin2f@instagram.com,1/26/2002,09373 Vernon Plaza,2
2839780,Rees Luna,rluna2g@blogtalkradio.com,12/28/1995,3 Novick Junction,2
2865400,Lucina De Miranda,lde2h@blogger.com,4/11/1995,5494 Nancy Plaza,1
2872160,Ezekiel Klezmski,eklezmski2i@bigcartel.com,6/16/2001,78354 Westend Road,2
2821932,Liliane Birwhistle,lbirwhistle2j@ezinearticles.com,9/28/1995,499 Sage Lane,3
2822967,Llywellyn Nunn,lnunn2k@cnbc.com,9/22/1994,88 Kinsman Street,3
2809955,Lindie Matherson,lmatherson2l@state.gov,4/11/2000,3 Carioca Court,1
2894293,Marion Petkovic,mpetkovic2m@netlog.com,12/18/2001,1880 Emmet Avenue,1
2899308,Freddie Bancroft,fbancroft2n@imgur.com,4/8/1994,336 High Crossing Crossing,3
2899061,Guendolen Jaume,gjaume2o@shop-pro.jp,6/6/1998,99 Russell Center,1
2807899,Channa Wenban,cwenban2p@virginia.edu,9/14/1991,24187 Stang Terrace,3
2841581,Sheilakathryn Lowdham,slowdham2q@hexun.com,9/10/1995,78247 Crowley Parkway,1
2817119,Melissa Growcock,mgrowcock2r@cmu.edu,4/28/1995,3789 Oak Center,1
2879849,Redd Van der Beek,rvan2s@businessweek.com,3/18/1993,93770 Killdeer Trail,1
2874288,Haydon Carnock,hcarnock2t@istockphoto.com,8/16/1990,6 Merrick Plaza,2
2877356,Lyda Emmerson,lemmerson2u@umn.edu,1/23/1997,6 Linden Park,1
2893094,Phil Arnao,parnao2v@ucsd.edu,7/4/1994,491 Tomscot Point,4
2819291,Candide Bowra,cbowra2w@ovh.net,12/27/2002,788 Gerald Drive,4
2810163,Cindee Leathley,cleathley2x@wunderground.com,1/1/1990,9 Cordelia Terrace,1
2832914,Lotte Scarsbrooke,lscarsbrooke2y@cargocollective.com,9/20/2002,820 Parkside Parkway,1
2803576,Christin Ferreo,cferreo2z@cbc.ca,11/1/1998,92979 Burning Wood Trail,2
2822896,Malva Spore,mspore30@51.la,11/2/1994,6 Holmberg Avenue,3
2856390,Cristin Lowthorpe,clowthorpe31@house.gov,12/29/1990,06405 Meadow Ridge Way,4
2813248,Clive Savage,csavage32@zdnet.com,1/13/1990,67 Karstens Hill,1
2876316,Niles Keerl,nkeerl33@psu.edu,4/27/1997,5 Talisman Pass,3
2830205,Faustine Bruckenthal,fbruckenthal34@odnoklassniki.ru,8/23/1994,157 School Parkway,1
2806712,Ricard Danzig,rdanzig35@plala.or.jp,9/1/1999,14 Straubel Pass,2
2841064,Noemi Strutton,nstrutton36@disqus.com,3/17/1998,06 Miller Circle,1
2840463,Renelle Camings,rcamings37@google.it,9/22/2003,2841 Clarendon Terrace,3
2886646,Rickie Syfax,rsyfax38@rediff.com,6/14/1995,35 Fulton Parkway,3
2843140,Sarina Birtles,sbirtles39@squidoo.com,2/25/1996,102 Service Lane,1
2899155,Broddie Cheers,bcheers3a@yahoo.co.jp,5/7/1998,1008 Pierstorff Trail,3
2885059,Estele Grewer,egrewer3b@tuttocitta.it,4/10/1998,52 Debra Place,2
2844264,Oralie Sheer,osheer3c@flavors.me,10/19/1993,3 Rusk Center,1
2847321,Joann Beggs,jbeggs3d@spotify.com,12/15/1996,00 Fuller Crossing,1
2839278,Georgie Clemenceau,gclemenceau3e@mit.edu,8/2/1991,98 Glacier Hill Crossing,2
2899805,Tony Shegog,tshegog3f@yahoo.co.jp,3/15/2003,0 Toban Way,2
2834524,Gary Marner,gmarner3g@jalbum.net,7/17/1993,8697 Dorton Plaza,1
2865539,Rey Mudie,rmudie3h@hostgator.com,1/6/1991,67 Holy Cross Hill,1
2816355,Marion Maddinon,mmaddinon3i@japanpost.jp,10/26/2000,074 Dryden Street,4
2848512,Tore Staden,tstaden3j@narod.ru,7/1/2001,038 Meadow Valley Street,2
2848144,Perry Manueli,pmanueli3k@simplemachines.org,1/1/1999,6142 Anzinger Court,1
2857793,Nerta Rogier,nrogier3l@prlog.org,1/14/1991,976 Menomonie Avenue,1
2868283,Trace Ziem,tziem3m@eventbrite.com,3/14/1994,37056 Waubesa Drive,3
2855885,Walton Rawsthorn,wrawsthorn3n@alibaba.com,3/8/1991,03 Marquette Lane,1
2891050,Melitta Cargen,mcargen3o@illinois.edu,3/29/1995,113 Melby Circle,1
2804514,Aretha Klimshuk,aklimshuk3p@wp.com,7/11/2003,6 Swallow Trail,3
2858780,Opaline Giffard,ogiffard3q@moonfruit.com,9/28/1999,6 Westerfield Road,1
2839454,Dianemarie Aucutt,daucutt3r@amazon.com,8/27/2000,1846 Rigney Point,2
2848023,Helene Dommerque,hdommerque3s@twitter.com,7/11/1997,51983 Westridge Court,3
2898129,Aloisia Cockerill,acockerill3t@multiply.com,4/16/1995,8 Lindbergh Point,2
2868407,Marline Burrill,mburrill3u@answers.com,2/22/1997,9815 7th Crossing,2
2865461,Kilian Dyson,kdyson3v@bluehost.com,10/23/1997,7687 Vera Way,2
2891856,Sheelah Birtwell,sbirtwell3w@ucoz.ru,8/20/1995,1545 Tomscot Terrace,4
2871397,Georgi Lister,glister3x@amazon.com,1/18/1990,39 Banding Avenue,2
2811825,Virgina Diggell,vdiggell3y@constantcontact.com,2/27/1992,84000 Golf Course Trail,4
2820498,Hamid Hairs,hhairs3z@yahoo.com,6/29/2003,53 Magdeline Hill,1
2823740,Royal Kennagh,rkennagh40@weebly.com,3/25/1996,89 Hansons Terrace,2
2824114,Lauralee Jacquemy,ljacquemy41@indiegogo.com,11/17/1990,41435 Aberg Parkway,4
2876524,Hayes Brugmann,hbrugmann42@example.com,4/2/1990,713 Fairview Terrace,3
2840282,Stacey Schlag,sschlag43@unc.edu,11/7/2001,8 Kingsford Junction,4
2869835,Bernie Weagener,bweagener44@chronoengine.com,1/17/2002,59095 Fremont Parkway,1
2875612,Betsy De Lacey,bde45@google.nl,7/24/1999,95 Melvin Terrace,3
2802388,Christoffer Vaud,cvaud46@theglobeandmail.com,10/17/2000,50843 Wayridge Lane,4
2830614,Ranique Heinzler,rheinzler47@toplist.cz,10/18/1997,21235 Lotheville Parkway,1
2862714,Giavani McKeeman,gmckeeman48@globo.com,4/3/2002,0485 Express Lane,3
2871226,Leshia St. Louis,lst49@ehow.com,6/11/1999,0986 Sherman Way,1
2873330,Ignace McJerrow,imcjerrow4a@opensource.org,2/4/1995,45174 Paget Place,2
2842674,Judy Grimsell,jgrimsell4b@mtv.com,1/14/1994,7791 New Castle Center,1
2826131,Renate Burnes,rburnes4c@devhub.com,7/30/1995,2951 Cherokee Hill,1
2852026,Fernande Call,fcall4d@washingtonpost.com,7/25/2000,24 Pierstorff Center,1
2870261,Leelah Perview,lperview4e@house.gov,5/25/2003,42555 Memorial Place,3
2825278,Zachary Koppe,zkoppe4f@kickstarter.com,8/22/1990,6574 Packers Alley,3
2837041,Dory Yanin,dyanin4g@hatena.ne.jp,11/5/1994,5 Reindahl Road,1
2892255,Aindrea Stovin,astovin4h@gizmodo.com,9/24/1992,6481 Farwell Trail,4
2873038,Alphard Le Barr,ale4i@elegantthemes.com,5/15/1993,2 Forest Run Circle,1
2868201,Viviene Blenkinsopp,vblenkinsopp4j@e-recht24.de,3/1/1991,97 Spaight Parkway,3
2885882,Edwin Corradetti,ecorradetti4k@qq.com,11/12/1991,6354 Mifflin Plaza,1
2821566,Opal Arnhold,oarnhold4l@intel.com,7/12/2002,5 Waywood Drive,1
2853460,Lorenzo Munson,lmunson4m@ycombinator.com,8/18/1993,10 Chive Alley,2
2897318,Yorgos Lumb,ylumb4n@google.it,7/7/1990,26 Arapahoe Center,1
2838922,Queenie Overstreet,qoverstreet4o@creativecommons.org,10/22/1996,40853 Welch Trail,1
2860283,Hastings Lalley,hlalley4p@bbb.org,3/2/2003,3 Sachs Pass,1
2892073,Francis Cromblehome,fcromblehome4q@dagondesign.com,10/18/1993,8840 Valley Edge Parkway,3
2882782,Micah Craw,mcraw4r@marketwatch.com,7/20/1993,0189 Milwaukee Parkway,1
2839905,Warde Gonnet,wgonnet4s@auda.org.au,10/30/1992,925 Jana Pass,2
2850866,Kassie Appleton,kappleton4t@gnu.org,3/9/1997,7966 Southridge Road,1
2898537,Immanuel Zelley,izelley4u@fotki.com,8/3/1995,29524 Buena Vista Point,3
2834099,Tomasine O'Doran,todoran4v@narod.ru,11/3/1999,44 Eliot Way,1
2801333,Lalo Bawles,lbawles4w@feedburner.com,8/12/1996,01570 Holy Cross Court,1
2801268,Angelle Ducker,aducker4x@wikimedia.org,6/24/1999,2 Bunker Hill Park,1
2823802,Shelley Jiroutka,sjiroutka4y@independent.co.uk,3/28/1993,9 Brown Alley,1
2874614,Wayland Caroline,wcaroline4z@yahoo.co.jp,1/21/2003,55552 Charing Cross Circle,1
2830007,Shara Dashper,sdashper50@rakuten.co.jp,3/4/1993,05676 Bultman Way,3
2818915,Carling Warriner,cwarriner51@flavors.me,6/17/1992,1252 Brickson Park Way,1
2855060,Stearn Keets,skeets52@discovery.com,5/2/2000,4618 Laurel Street,2
2862880,Hallie Feldbrin,hfeldbrin53@nifty.com,8/25/2001,3 Sunbrook Parkway,3
2850019,Dalton Donoher,ddonoher54@msu.edu,6/4/1994,31 Namekagon Pass,1
2897406,Yorgos Niece,yniece55@skype.com,2/21/1992,86 Iowa Way,1
2849344,Justinn Kohnemann,jkohnemann56@washington.edu,11/8/1990,3 Reindahl Circle,2
2831582,Kissie Dalrymple,kdalrymple57@squidoo.com,7/4/1992,5937 La Follette Park,1
2802869,Cordie Billion,cbillion58@list-manage.com,6/17/1993,7461 Vernon Circle,2
2826618,Sonnnie Suddick,ssuddick59@accuweather.com,5/21/1999,24806 Thackeray Hill,2
2896133,Aldridge Ellul,aellul5a@eepurl.com,1/5/2001,0856 Straubel Plaza,1
2800794,Olly O'Carney,oocarney5b@phpbb.com,7/14/2001,86055 Paget Pass,1
2865172,Tuckie Breede,tbreede5c@netscape.com,12/16/1990,5202 Eagan Road,3
2807712,Sapphire Nibloe,snibloe5d@hp.com,9/19/1994,6008 Stephen Circle,1
2815890,Lynnell Simoes,lsimoes5e@ebay.co.uk,1/28/1995,6 Algoma Pass,2
2829879,Derry Bohey,dbohey5f@msn.com,7/28/2001,0185 Lukken Junction,2
2810487,Dione Daughtery,ddaughtery5g@cpanel.net,6/21/1999,26388 Chinook Plaza,2
2878533,Jeanne Michin,jmichin5h@alexa.com,3/25/1991,7 Corben Plaza,3
2832413,Hinze De Filippis,hde5i@addtoany.com,1/19/2002,92765 Fuller Center,2
2881092,Mindy Gregolotti,mgregolotti5j@list-manage.com,10/30/2000,464 Hooker Place,1
2857206,Symon Loveless,sloveless5k@admin.ch,11/9/1994,79 Golf Pass,2
2846561,Win Tout,wtout5l@examiner.com,2/21/1993,589 Bowman Park,1
2826629,Raphaela Adrianello,radrianello5m@meetup.com,10/30/1997,5 Merchant Center,3
2871651,Clevey D'Elia,cdelia5n@quantcast.com,1/3/1995,7178 Bartillon Parkway,3
2813713,Porty Palfreman,ppalfreman5o@quantcast.com,9/14/1996,038 Gina Terrace,2
2837340,Zerk Kuban,zkuban5p@walmart.com,3/13/1993,3 Westridge Terrace,2
2892344,Liesa Trivett,ltrivett5q@angelfire.com,5/31/1997,3454 1st Hill,1
2853158,Valry Pearmain,vpearmain5r@edublogs.org,11/17/1991,0772 Bartillon Crossing,1
2842729,Odey McIvor,omcivor5s@imageshack.us,8/15/1992,79175 Luster Parkway,3
2808906,Vallie Delgardillo,vdelgardillo5t@tinypic.com,6/13/1992,18035 Hooker Way,2
2891965,Ayn Mangenot,amangenot5u@wufoo.com,7/1/1997,01 Truax Circle,3
2890622,Brooks Sabate,bsabate5v@nyu.edu,5/28/1990,7311 Manley Crossing,1
2809559,Pauline Pietersen,ppietersen5w@apple.com,3/31/1994,599 Golf Court,3
2812459,Benedick Bogey,bbogey5x@miitbeian.gov.cn,10/11/1999,45 Badeau Way,4
2838247,Rosy Donne,rdonne5y@tmall.com,5/15/2000,5384 Muir Street,1
2850931,Waldon Pyper,wpyper5z@hugedomains.com,4/28/2001,23 Arapahoe Park,1
2831750,Christophe Siebart,csiebart60@yellowbook.com,4/23/2003,492 Kinsman Court,2
2882451,Marlowe Pietz,mpietz61@blogtalkradio.com,2/20/1995,2062 Barnett Parkway,4
2862030,Jimmie Judge,jjudge62@ameblo.jp,1/2/2002,51 Dapin Court,3
2812075,Gunner Mathissen,gmathissen63@buzzfeed.com,6/19/1992,0 Rieder Alley,4
2813161,Marmaduke Enston,menston64@biglobe.ne.jp,7/5/2003,00794 Haas Alley,3
2828422,Siegfried Rymour,srymour65@trellian.com,11/10/2000,27476 Kipling Pass,1
2879714,Eldon Schild,eschild66@netlog.com,2/23/2003,831 Bultman Street,2
2847408,Zonnya Diemer,zdiemer67@weebly.com,8/6/1990,740 Surrey Lane,1
2815208,Tressa Gathercoal,tgathercoal68@independent.co.uk,7/15/1993,82179 Morrow Terrace,1
2895306,Thia Vockins,tvockins69@sitemeter.com,7/24/1992,23 Knutson Place,1
2897054,Tybalt Lorman,tlorman6a@ihg.com,9/2/1990,1146 Emmet Way,3
2831498,Rickie Pantone,rpantone6b@tinyurl.com,5/11/1995,9 Burning Wood Terrace,3
2808796,Ray Eltun,reltun6c@wikipedia.org,10/15/2002,9 Golden Leaf Center,1
2878354,Maddie Vanderson,mvanderson6d@ifeng.com,4/17/2001,4259 Sunbrook Trail,1
2888670,Inger Faier,ifaier6e@fastcompany.com,9/5/2003,254 Kinsman Junction,2
2817733,Sandy Andrzejowski,sandrzejowski6f@ezinearticles.com,10/6/1998,32611 Summit Place,2
2866427,Lenora Fearns,lfearns6g@redcross.org,12/28/1997,26423 Hermina Plaza,3
2824381,Dukie Whitsey,dwhitsey6h@yelp.com,12/17/2000,650 Maple Parkway,4
2846900,Davidde Bedinham,dbedinham6i@japanpost.jp,7/19/1996,7 Jackson Crossing,3
2868575,Gretel Capitano,gcapitano6j@google.it,1/5/2002,90324 Hoepker Street,4
2855985,Ollie McEntegart,omcentegart6k@i2i.jp,10/31/2003,383 School Center,2
2823587,Morgan Doe,mdoe6l@ft.com,6/29/1998,0 Everett Parkway,1
2834606,Gail Moxstead,gmoxstead6m@macromedia.com,4/5/1999,7 Riverside Center,1
2805709,Stearne Haddick,shaddick6n@skype.com,6/4/1998,6 Main Hill,1
2809006,Felix Darkins,fdarkins6o@tumblr.com,12/26/1997,45381 Bobwhite Hill,2
2893496,Ganny McTerry,gmcterry6p@cbslocal.com,11/20/1991,087 Mitchell Circle,1
2895044,Sigismund Frankish,sfrankish6q@bigcartel.com,3/4/1996,1134 Helena Hill,2
2863127,Alysia Emerson,aemerson6r@elpais.com,9/8/1992,4491 Northfield Road,4
2827226,Christen Gavan,cgavan6s@chronoengine.com,2/26/2001,749 Little Fleur Pass,1
2855694,Bartram MacTeague,bmacteague6t@slashdot.org,1/26/1995,45 Briar Crest Point,1
2862619,Koressa Ferbrache,kferbrache6u@acquirethisname.com,10/28/1994,75863 Bonner Plaza,2
2856188,Lettie Halliwell,lhalliwell6v@yellowpages.com,2/8/1993,32 Anhalt Park,4
2882533,Micki Thombleson,mthombleson6w@woothemes.com,2/5/2000,86 Canary Point,3
2879321,Malachi Anders,manders6x@wordpress.com,10/13/2001,46645 Crowley Street,3
2885247,Timoteo Smellie,tsmellie6y@google.com.hk,12/12/2003,1282 Summerview Way,1
2871061,Chase Matessian,cmatessian6z@nytimes.com,6/14/2001,9 Morrow Pass,1
2802192,Caitlin Ikringill,cikringill70@aol.com,9/16/2001,4554 Independence Crossing,1
2822556,Alexandra Billingsly,abillingsly71@linkedin.com,7/30/1991,234 Reinke Way,1
2862388,Kizzie Jefferies,kjefferies72@sakura.ne.jp,9/24/1994,0560 Bayside Parkway,1
2817243,Darrelle Arter,darter73@msu.edu,1/24/1994,7888 Gerald Place,4
2807716,Larina Swalough,lswalough74@ebay.com,1/25/2003,3773 Donald Trail,1
2842639,Farah Zylberdik,fzylberdik75@bbc.co.uk,2/2/2003,22032 Sugar Hill,4
2804858,Bancroft Sorsbie,bsorsbie76@parallels.com,12/4/1993,2927 Crownhardt Avenue,1
2880054,Loutitia Jarlmann,ljarlmann77@godaddy.com,9/29/1996,4165 Logan Plaza,1
2882590,Stacee Pebworth,spebworth78@plala.or.jp,9/10/2003,079 Onsgard Drive,1
2851223,Siward Crispin,scrispin79@twitpic.com,12/23/2003,83 Kipling Place,1
2817594,Galina Cradock,gcradock7a@geocities.jp,7/31/2001,72 Goodland Court,1
2866914,Lucinda Sadry,lsadry7b@ucoz.com,4/13/2001,8432 Caliangt Circle,4
2813887,Claudianus Huett,chuett7c@free.fr,3/2/1999,3 Grover Point,1
2811065,Malinde Groundwator,mgroundwator7d@myspace.com,11/3/1997,80395 Weeping Birch Center,1
2866405,Durward Moorerud,dmoorerud7e@foxnews.com,8/11/2003,52 Northfield Circle,1
2898678,Taddeusz Tombling,ttombling7f@salon.com,4/28/1996,35 Washington Hill,3
2838255,Barbie Lammert,blammert7g@odnoklassniki.ru,7/8/1991,06 Blaine Way,1
2871012,Agata Altoft,aaltoft7h@wordpress.com,6/5/2003,79 Bay Circle,1
2899192,Lavina Delouch,ldelouch7i@is.gd,1/16/1997,71 Goodland Way,2
2806630,Estrellita Blois,eblois7j@tripadvisor.com,10/17/1993,15499 Hovde Court,4
2868222,Gustave Kelby,gkelby7k@shareasale.com,3/24/2001,96 Scott Lane,2
2857434,Konrad Mosdell,kmosdell7l@businessinsider.com,5/28/1998,55 Loftsgordon Court,1
2826130,Mikey Crenage,mcrenage7m@1und1.de,1/16/1999,96 Rieder Hill,3
2815373,Martynne Langforth,mlangforth7n@wordpress.org,7/3/1996,68 Lotheville Junction,2
2812626,Ly Sings,lsings7o@hp.com,9/20/1998,0027 Mockingbird Point,1
2898176,Stacee Gillespey,sgillespey7p@ucla.edu,2/27/1995,6095 Lillian Road,4
2804271,Zola Roget,zroget7q@rambler.ru,8/7/1990,7 Nobel Hill,3
2875375,Bryon Auchinleck,bauchinleck7r@w3.org,10/30/2000,1 Surrey Center,3
2849070,Krysta Salkeld,ksalkeld7s@salon.com,5/28/2002,627 Mallory Place,4
2833675,Donielle Fursey,dfursey7t@woothemes.com,3/28/1996,3 Elgar Point,2
2871312,Butch Shankster,bshankster7u@scientificamerican.com,8/26/1995,133 Waxwing Hill,4
2898327,Raychel Semeradova,rsemeradova7v@un.org,1/29/1991,6935 Victoria Hill,1
2830703,Lulita Bayle,lbayle7w@gizmodo.com,7/11/2001,8 Tony Crossing,2
2812294,Liana Danilchev,ldanilchev7x@canalblog.com,12/24/2003,826 Everett Drive,1
2804272,Rebekah Covell,rcovell7y@feedburner.com,3/31/2001,9 Waubesa Plaza,1
2820708,Jud Luxmoore,jluxmoore7z@shutterfly.com,3/4/1995,019 East Junction,1
2828259,Matteo Kuzma,mkuzma80@imageshack.us,10/30/2001,930 Melrose Avenue,1
2892015,Saul Druce,sdruce81@themeforest.net,9/9/2000,4724 Superior Circle,1
2839137,Vaclav Davidow,vdavidow82@wikia.com,7/7/1995,2 Laurel Center,2
2853918,Sianna McIleen,smcileen83@livejournal.com,1/28/2000,7274 High Crossing Drive,1
2879702,Clayborne Gaylor,cgaylor84@sphinn.com,12/6/1990,87742 Westend Way,1
2868452,Jeddy Souness,jsouness85@hibu.com,4/20/1994,55634 South Way,3
2884486,Claybourne Felton,cfelton86@statcounter.com,3/14/1993,8328 Truax Avenue,3
2888383,Iormina Colquhoun,icolquhoun87@ehow.com,8/8/1992,77 Donald Place,2
2856182,Ninetta Gong,ngong88@columbia.edu,12/13/1993,27 Pankratz Trail,2
2815584,Dillon Stilgo,dstilgo89@taobao.com,8/20/1992,022 Grover Road,2
2851718,Ag Stringfellow,astringfellow8a@buzzfeed.com,7/4/2001,274 Lien Alley,1
2865119,Cristina Groveham,cgroveham8b@php.net,9/2/1990,28159 American Junction,2
2897970,Griswold Demer,gdemer8c@arizona.edu,3/19/1993,55 Northport Circle,1
2830165,Benetta Moger,bmoger8d@ning.com,3/11/1993,010 Fairview Alley,3
2830794,Myer Glossup,mglossup8e@tripadvisor.com,2/19/1995,9 Lighthouse Bay Street,2
2863646,Carolus Fortnum,cfortnum8f@ucoz.ru,3/18/2000,6137 Towne Alley,2
2801069,Lorine Klazenga,lklazenga8g@ycombinator.com,10/29/1997,993 Moulton Terrace,1
2889050,Liam Doring,ldoring8h@marketwatch.com,11/4/1998,5 Maryland Trail,1
2824156,Amery Burkinshaw,aburkinshaw8i@people.com.cn,5/10/1998,985 Cascade Pass,2
2884520,Luelle Citrine,lcitrine8j@bloglovin.com,5/18/1996,70848 Transport Way,2
2881210,Ole Brodhead,obrodhead8k@themeforest.net,5/30/1993,96 Spenser Drive,3
2880982,Crystal Wilton,cwilton8l@purevolume.com,11/24/2002,494 Mccormick Alley,3
2820283,Leslie De Gouy,lde8m@domainmarket.com,1/23/1993,4 Eagle Crest Alley,2
2854076,Robina Hawkyens,rhawkyens8n@youtube.com,7/1/2000,31 Kinsman Parkway,3
2814995,Whitney Delnevo,wdelnevo8o@joomla.org,3/14/2002,65 Gina Lane,3
2806289,Rosa Soame,rsoame8p@nymag.com,5/10/1998,22 Nelson Pass,1
2817120,Morse Anfosso,manfosso8q@wikipedia.org,12/19/2000,3358 Roxbury Crossing,1
2807990,Aliza Palffy,apalffy8r@hc360.com,1/10/1995,00 Green Street,2
2848611,Marci Betjeman,mbetjeman8s@ftc.gov,5/22/1995,252 Brown Terrace,2
2805681,Linda Whitland,lwhitland8t@theglobeandmail.com,2/2/1993,69 Everett Place,4
2834679,Bertram McArdle,bmcardle8u@ft.com,1/17/1998,187 Continental Way,1
2862673,Estel Connerry,econnerry8v@ifeng.com,3/1/1993,6673 Farragut Trail,1
2836122,Iggie Toop,itoop8w@myspace.com,2/12/2001,61 Grim Alley,1
2838672,Sawyere Cowderay,scowderay8x@i2i.jp,10/1/1991,77821 Nancy Alley,2
2812498,Dorie Vice,dvice8y@wikia.com,9/13/1993,9 Anzinger Court,3
2802020,Aurthur Rawkesby,arawkesby8z@dmoz.org,10/6/2001,7814 Messerschmidt Street,3
2837418,Monique Rossander,mrossander90@t.co,7/22/1991,632 Sheridan Park,2
2843522,Stacie Fickling,sfickling91@soup.io,4/8/1999,694 Oak Drive,1
2844587,Rupert Pestricke,rpestricke92@amazonaws.com,11/10/1992,71683 Fair Oaks Parkway,1
2827609,Karlotta Blakey,kblakey93@oracle.com,7/23/2002,202 Carpenter Plaza,4
2886935,Stanislaw Gaughan,sgaughan94@nps.gov,11/14/1999,9436 Red Cloud Alley,2
2866152,Corey Hales,chales95@reverbnation.com,8/12/1994,14294 1st Place,1
2803780,Glynda Note,gnote96@shutterfly.com,3/13/1993,5 Loomis Center,2
2839258,Adolphus Conan,aconan97@purevolume.com,7/8/1996,2 Ronald Regan Trail,1
2833519,Andee Parman,aparman98@tinypic.com,4/11/1998,779 Graceland Court,1
2803034,Selma Rabson,srabson99@dailymotion.com,10/6/1994,191 Hollow Ridge Point,3
2846755,Olimpia Patridge,opatridge9a@163.com,5/2/1997,581 Vermont Hill,3
2814687,Karoly Winslet,kwinslet9b@google.com.hk,9/17/1994,88838 Jay Center,1
2804292,Sibby Boffey,sboffey9c@mysql.com,4/1/2000,4 Utah Point,3
2836018,Oralia Davidowich,odavidowich9d@mashable.com,3/10/1996,87 Raven Pass,1
2898912,Kliment Blanckley,kblanckley9e@dailymail.co.uk,6/24/1998,346 Jenna Center,4
2872480,Oliver Kinforth,okinforth9f@google.com,9/14/1999,13004 Steensland Crossing,3
2877035,Anett Dodding,adodding9g@ning.com,12/5/1991,37 Holy Cross Plaza,1
2866168,Giulio Zimek,gzimek9h@parallels.com,8/15/2002,076 Clyde Gallagher Parkway,3
2847637,Arlyne Cattanach,acattanach9i@ameblo.jp,8/21/1998,68820 Clyde Gallagher Center,3
2843813,Issi Phoebe,iphoebe9j@fema.gov,1/14/1997,5784 Maple Wood Street,2
2844370,Wilma Dwight,wdwight9k@gravatar.com,6/12/1999,05986 Killdeer Parkway,3
2827943,Zonda Maffioni,zmaffioni9l@homestead.com,10/27/1996,51 American Court,1
2826531,Frazier Scardafield,fscardafield9m@cafepress.com,9/28/2000,87 Monica Trail,1
2868438,Felicle Haygreen,fhaygreen9n@lulu.com,9/22/1993,3367 Manley Lane,1
2835095,Eleonore Coalbran,ecoalbran9o@biglobe.ne.jp,12/16/1997,1 Goodland Street,1
2815960,Val Rowlstone,vrowlstone9p@mapquest.com,2/26/1995,406 Bluejay Plaza,1
2848253,Farris Sworne,fsworne9q@mozilla.org,5/5/2001,68 Huxley Street,1
2852293,Sawyere Najafian,snajafian9r@sfgate.com,9/15/1999,532 Mayfield Street,1
2866579,Vidovic Bladesmith,vbladesmith9s@usnews.com,1/25/1992,114 Mayer Trail,1
2860695,Doe Iacivelli,diacivelli9t@tinypic.com,8/17/2002,5516 Lighthouse Bay Trail,3
2891309,Howey Beal,hbeal9u@bloomberg.com,12/5/1998,29 Sage Road,3
2813033,Adamo Lille,alille9v@house.gov,7/11/1997,74666 Randy Circle,4
2897116,Beatrisa Gianolo,bgianolo9w@pbs.org,9/1/2001,5 Quincy Plaza,2
2886827,Tod Ladyman,tladyman9x@cnn.com,1/26/1999,51 Morningstar Alley,1
2839255,Jessee MacCurley,jmaccurley9y@telegraph.co.uk,8/21/1992,728 East Place,2
2873265,Eric Mitro,emitro9z@jigsy.com,4/20/2003,2 Luster Hill,1
2892203,Philomena Edmonson,pedmonsona0@joomla.org,9/19/2001,10258 Quincy Road,2
2872563,Corrinne O'Mannion,comanniona1@google.it,8/1/1997,03 Packers Terrace,1
2857882,Delmor Bartczak,dbartczaka2@qq.com,2/19/1998,1128 Macpherson Trail,3
2848650,Jarret Tithecote,jtithecotea3@psu.edu,3/17/2002,0 Westridge Street,1
2816447,Mahalia Jakoubec,mjakoubeca4@unicef.org,2/27/1995,25719 Graedel Road,3
2840052,Heriberto Mechem,hmechema5@com.com,5/25/1992,0747 Macpherson Street,2
2859683,Lucia Harp,lharpa6@networkadvertising.org,2/22/1992,796 Bultman Hill,1
2875323,Ettore Archbold,earchbolda7@technorati.com,5/12/1990,8 Debs Trail,3
2852820,Christy Gegg,cgegga8@de.vu,8/31/2002,24 Toban Way,2
2832851,Kerrie Derill,kderilla9@live.com,11/21/1994,822 Beilfuss Alley,1
2867555,Dasha Monkleigh,dmonkleighaa@blogtalkradio.com,2/1/1994,03 Independence Street,2
2803589,Carmine Cubbinelli,ccubbinelliab@live.com,9/18/1992,20 Kingsford Point,1
2888429,Solly Tumayan,stumayanac@sbwire.com,10/16/1991,5 Dennis Circle,1
2821530,Melinde Mohammad,mmohammadad@bbc.co.uk,4/5/2002,56 Warbler Crossing,4
2800930,Donielle Hartgill,dhartgillae@bbc.co.uk,3/3/2000,335 Carberry Lane,4
2807418,Torin Tollow,ttollowaf@loc.gov,6/11/1990,95839 Lakewood Gardens Place,2
2810471,Brendis Curtis,bcurtisag@opensource.org,5/7/2001,4 Green Ridge Avenue,4
2802373,Merrili Coryndon,mcoryndonah@flavors.me,10/30/1996,926 Clyde Gallagher Park,4
2878419,Samuele Sedgmond,ssedgmondai@soup.io,9/23/2000,6362 Marcy Avenue,1
2882305,Laurianne Dubber,ldubberaj@github.io,1/21/2001,497 Brickson Park Junction,1
2802848,Dawn Greim,dgreimak@house.gov,1/28/1999,11 Forest Run Park,4
2886477,Chrystel Signorelli,csignorellial@addtoany.com,2/24/2002,91565 Cambridge Terrace,1
2800779,Leena Reucastle,lreucastleam@archive.org,3/9/1996,52735 Sunfield Avenue,1
2814088,Helsa Etter,hetteran@ovh.net,10/13/1994,3 Arizona Avenue,1
2894689,Vita Dumbar,vdumbarao@cmu.edu,11/27/1999,9 Westerfield Pass,1
2840612,Elisha Celand,ecelandap@paginegialle.it,4/13/1994,555 Porter Center,2
2823322,Baudoin Rothert,brothertaq@narod.ru,8/12/2001,16888 Prentice Center,2
2819279,Nyssa Alston,nalstonar@nhs.uk,6/26/1997,021 Cambridge Junction,1
2864235,Ode Watchorn,owatchornas@delicious.com,4/1/1999,9 Gerald Place,4
2816408,Vance Rodder,vrodderat@latimes.com,6/30/1999,6785 Bay Junction,4
2825096,Janos Anthes,janthesau@oracle.com,7/1/2000,6653 Mifflin Road,1
2828170,Mozelle Eastman,meastmanav@ask.com,9/5/1992,9108 Dakota Lane,1
2875324,Denney Stuchburie,dstuchburieaw@icq.com,1/19/2000,930 Oneill Road,3
2899430,Willey Grainge,wgraingeax@skyrock.com,10/1/2000,0 Del Mar Court,1
2893510,Gwyn McGuggy,gmcguggyay@squidoo.com,11/7/1997,71 Manufacturers Center,2
2841451,Bailie Wehden,bwehdenaz@wix.com,12/26/2001,0178 Esker Avenue,2
2880245,Danny Navaro,dnavarob0@g.co,10/18/2001,043 Bunker Hill Crossing,4
2803863,Calhoun Bamlett,cbamlettb1@indiatimes.com,5/12/1991,0612 Muir Avenue,1
2838921,Vick McGeown,vmcgeownb2@i2i.jp,9/12/1993,03 Gerald Avenue,1
2805637,Essa Duddin,eduddinb3@e-recht24.de,9/10/1992,01 Corben Drive,3
2868170,Janka Banes,jbanesb4@mit.edu,11/12/2000,09093 Warbler Way,1
2808421,Marys Gosart,mgosartb5@networkadvertising.org,3/11/1993,2571 Myrtle Center,1
2861354,Olimpia Simacek,osimacekb6@businessweek.com,2/10/1996,43 Esch Junction,1
2837596,Hunt Coiley,hcoileyb7@163.com,5/7/1993,08 Pine View Parkway,1
2805771,Cori Pigne,cpigneb8@myspace.com,1/31/1999,0 Veith Court,4
2837937,Tomlin Iskow,tiskowb9@canalblog.com,6/17/1997,75 Dryden Lane,1
2899797,Christabel McCathie,cmccathieba@newsvine.com,7/1/2003,298 Arrowood Pass,3
2854842,Daren Gibke,dgibkebb@privacy.gov.au,3/29/1993,35 Green Ridge Court,2
2894864,Eolande Collington,ecollingtonbc@bbc.co.uk,4/13/1997,13143 Declaration Park,3
2823019,Bradan Bleddon,bbleddonbd@netvibes.com,1/4/1992,3871 Browning Circle,1
2867215,Farrell Caban,fcabanbe@techcrunch.com,5/13/1990,887 Eggendart Drive,2
2874765,Alfred Sitwell,asitwellbf@dropbox.com,9/13/1998,218 Steensland Point,3
2873302,Arnoldo Libreros,alibrerosbg@springer.com,5/31/2000,665 Victoria Terrace,3
2857683,Bryanty Braybrookes,bbraybrookesbh@dagondesign.com,2/2/1990,39953 Canary Street,3
2816406,Marylinda Crowest,mcrowestbi@tamu.edu,1/8/2000,15577 Scott Crossing,1
2873255,Darryl Espinel,despinelbj@soup.io,3/22/1993,56877 Delaware Circle,2
2823505,Constantine Firebrace,cfirebracebk@microsoft.com,10/8/1991,848 Old Gate Place,1
2816037,Laurene Luttgert,lluttgertbl@bluehost.com,2/18/2000,36725 Merchant Terrace,1
2864615,Hermina Signorelli,hsignorellibm@sitemeter.com,12/10/1999,3661 Tennessee Plaza,2
2802860,Zechariah Tute,ztutebn@i2i.jp,6/10/1991,734 Springview Circle,1
2806658,Tan Hush,thushbo@vinaora.com,8/8/1992,13343 Wayridge Alley,1
2875924,Fanchon McSaul,fmcsaulbp@statcounter.com,6/29/1995,56090 Rieder Park,1
2847582,Barb Kohrt,bkohrtbq@ifeng.com,3/18/1999,3453 Waywood Terrace,1
2872889,Sioux Snufflebottom,ssnufflebottombr@gov.uk,6/21/2001,5 Farwell Drive,2
2858961,Caleb Dabbes,cdabbesbs@booking.com,11/5/1998,1 Kensington Pass,1
2840153,Hyacinthe Morford,hmorfordbt@vimeo.com,10/2/2000,71 Cascade Road,2
2867452,Nanette Broom,nbroombu@umn.edu,6/5/2003,83 Brown Alley,3
2831863,Stephenie Tyhurst,styhurstbv@go.com,12/27/1994,3745 Carioca Court,2
2864893,Nicky Trengove,ntrengovebw@unblog.fr,10/25/2000,515 Luster Drive,4
2894968,Royce Ewert,rewertbx@phoca.cz,4/23/1995,19 Burning Wood Hill,3
2847971,Matteo Sidon,msidonby@godaddy.com,4/22/1992,044 Brentwood Alley,3
2883825,Tatum Stribling,tstriblingbz@china.com.cn,7/28/1997,6 Clove Circle,3
2806445,Alisha Mieville,amievillec0@ocn.ne.jp,1/22/2000,17 Dottie Circle,1
2826066,Fair Dudhill,fdudhillc1@uiuc.edu,7/23/1990,87533 Pennsylvania Place,2
2833421,Horatio Brewster,hbrewsterc2@thetimes.co.uk,8/14/1991,9 Mitchell Drive,1
2830591,Jacobo Beenham,jbeenhamc3@sbwire.com,2/18/2002,9 Bonner Street,1
2821091,Ross McLaughlan,rmclaughlanc4@google.com.au,12/14/1990,0697 Vidon Park,1
2879839,Robenia Layzell,rlayzellc5@live.com,4/6/1998,64 Sutteridge Drive,1
2802396,Rosanna Croxall,rcroxallc6@ihg.com,1/22/1996,3 Randy Trail,1
2886592,Orland Trevenu,otrevenuc7@yelp.com,1/15/1995,7 Fuller Plaza,1
2807757,Alanna Zuker,azukerc8@is.gd,11/28/1997,672 Prairie Rose Pass,4
2862478,Holden Sarah,hsarahc9@weebly.com,11/7/1995,80 Northport Hill,2
2848718,Viki Gapper,vgapperca@ezinearticles.com,6/11/1997,97017 Summit Alley,1
2828684,Alexandro Tewelson,atewelsoncb@google.pl,11/29/1999,1 Anniversary Pass,1
2863828,Rae Bangley,rbangleycc@mozilla.org,11/7/1992,08 Thompson Lane,4
2803356,Dale Favell,dfavellcd@stanford.edu,11/28/1996,9454 8th Circle,1
2869887,Pietrek Caulwell,pcaulwellce@ask.com,11/23/2003,6521 Brickson Park Trail,3
2884767,Marwin Humphries,mhumphriescf@acquirethisname.com,6/7/1996,6335 Comanche Hill,1
2883884,Nana Eton,netoncg@liveinternet.ru,5/13/1990,4 Pleasure Center,2
2826308,Thorvald Winterscale,twinterscalech@ibm.com,9/8/1995,17911 Ilene Avenue,1
2848130,Sydney Veldstra,sveldstraci@mysql.com,4/20/1999,83219 Oakridge Point,3
2809676,Opaline Giacovelli,ogiacovellicj@cnn.com,4/23/1991,972 Carpenter Road,1
2887790,Jodi Shildrake,jshildrakeck@fema.gov,7/10/2001,70475 Swallow Junction,2
2868413,Tootsie Galland,tgallandcl@webs.com,12/13/2002,21 Meadow Ridge Center,1
2845761,Devlin Gouley,dgouleycm@posterous.com,4/4/2002,1866 Waxwing Circle,1
2892848,Florette Hagstone,fhagstonecn@flickr.com,4/15/1996,260 Rockefeller Way,4
2810325,Emylee Broker,ebrokerco@cafepress.com,2/5/1993,77275 Hayes Terrace,1
2875054,Jeromy Greedier,jgreediercp@newsvine.com,7/12/2000,21 Division Way,3
2806238,Fabien Wixey,fwixeycq@angelfire.com,1/3/1999,62 Oxford Terrace,1
2843897,Rickard Andreasson,randreassoncr@virginia.edu,4/14/1998,80243 North Avenue,2
2831383,Adan Ivanyukov,aivanyukovcs@china.com.cn,7/18/1997,2345 Pearson Point,3
2886910,Byrom Dacre,bdacrect@sogou.com,6/26/1999,13874 Elka Drive,3
2854880,Wilbur Relton,wreltoncu@sohu.com,9/14/1993,83 Ronald Regan Lane,1
2813568,Nichole Brill,nbrillcv@miitbeian.gov.cn,7/6/1993,48961 Merchant Circle,1
2893382,Basile Masse,bmassecw@usa.gov,1/7/1992,03 Delladonna Drive,1
2811809,Kailey Flann,kflanncx@simplemachines.org,1/24/2002,75937 Northridge Avenue,2
2876862,Vanessa Geraghty,vgeraghtycy@reference.com,5/8/2002,737 Jana Lane,1
2879288,Timmi Reyna,treynacz@nih.gov,10/6/1993,39203 Goodland Pass,2
2837909,Jerald Fotitt,jfotittd0@webeden.co.uk,2/25/1998,6 New Castle Drive,2
2829834,Budd Bispo,bbispod1@senate.gov,6/27/1993,6 Hermina Plaza,3
2866583,Wrennie Tunna,wtunnad2@unicef.org,12/20/1996,66507 Johnson Trail,1
2846972,Jobey Strivens,jstrivensd3@webmd.com,6/10/1999,6 2nd Lane,1
2858928,Reyna Rankin,rrankind4@blogtalkradio.com,5/29/1994,8470 Knutson Junction,1
2823230,Johnathan Jelley,jjelleyd5@imageshack.us,5/20/1997,63 Westerfield Trail,2
2851630,Art Janout,ajanoutd6@seesaa.net,5/8/2003,0 Buena Vista Alley,1
2832103,Ringo Yerrall,ryerralld7@ftc.gov,11/27/2001,48281 Londonderry Lane,2
2800806,Carine Ierland,cierlandd9@slashdot.org,5/2/2003,5 Havey Center,1
2841184,Denney Schneidau,dschneidauda@economist.com,5/11/1991,42265 Southridge Court,1
2890384,Fraze Harms,fharmsdb@dailymotion.com,10/7/1995,299 Banding Point,2
2850391,Beryle Bodd,bbodddc@exblog.jp,10/21/1992,889 Dwight Street,3
2859715,Shirlene Basketter,sbasketterdd@alexa.com,11/29/2001,32 Lunder Plaza,2
2844364,Sylvan Gress,sgressde@prweb.com,9/5/1996,110 Stuart Road,1
2864233,Bradley Riccardi,briccardidf@forbes.com,5/27/2002,7 Summer Ridge Crossing,2
2876608,Felecia Hulke,fhulkedg@seattletimes.com,7/24/2002,6 Kropf Way,2
2844068,Angy Langer,alangerdh@youku.com,4/7/1994,152 Commercial Place,1
2898827,Fitzgerald Swainsbury,fswainsburydi@slideshare.net,6/28/2000,3 Old Gate Plaza,3
2812242,Carma Herley,cherleydj@ifeng.com,8/9/2002,6893 Leroy Point,4
2851436,Ainslie Kingsmill,akingsmilldk@microsoft.com,6/20/2002,5 Melrose Plaza,1
2819341,Audi Rainer,arainerdl@cdbaby.com,1/5/1996,6 Kingsford Lane,1
2883525,Haley Pipkin,hpipkindm@delicious.com,11/24/1995,805 Maple Wood Circle,2
2859977,Shepard Friett,sfriettdn@i2i.jp,4/10/1997,478 Laurel Alley,1
2859189,Miquela Pether,mpetherdo@a8.net,5/21/1991,32 Bartillon Road,3
2860156,Kaylyn Klulik,kklulikdp@tuttocitta.it,7/15/2001,611 Anderson Road,4
2831276,Adrian Ryott,aryottdq@apache.org,7/2/1994,2 Jackson Way,3
2859759,Giulia Myles,gmylesdr@sakura.ne.jp,3/8/1999,46978 Union Parkway,4
2899870,Gabey Kilby,gkilbyds@nyu.edu,5/13/1990,97 Reinke Center,1
2842553,Sibel Pitford,spitforddt@w3.org,10/20/1996,9542 Paget Pass,1
2839336,Gratiana Inge,gingedu@php.net,10/9/2003,79208 Schurz Way,3
2865074,Baxter Eytel,beyteldv@about.me,6/30/1994,94 Forest Run Alley,1
2892269,Rodie Rosetti,rrosettidw@phpbb.com,7/21/1996,1 Village Lane,1
2821536,Sophronia Bogie,sbogiedx@cbc.ca,1/15/1993,48223 Melody Point,1
2821704,Sherm Castelli,scastellidy@issuu.com,3/31/1992,34 Miller Drive,1
2877124,Reagen Nicklinson,rnicklinsondz@hibu.com,3/28/1990,11 David Terrace,1
2869130,Elissa Denison,edenisone0@myspace.com,7/9/2002,3 Anniversary Parkway,3
2807406,Connie Atty,cattye1@indiegogo.com,11/12/1993,86 Center Park,4
2821159,Katleen Finby,kfinbye2@newsvine.com,1/28/2000,185 Acker Alley,2
2809727,Hill Spriggs,hspriggse3@cpanel.net,12/14/1993,63 Gerald Terrace,4
2852931,Ottilie Skeat,oskeate4@fc2.com,11/27/1992,0243 Little Fleur Place,3
2870968,Marchall Marsay,mmarsaye5@wikipedia.org,11/19/1998,0 Gulseth Avenue,3
2838333,Violette McLese,vmclesee6@hao123.com,6/2/1997,8087 Dayton Hill,3
2857658,Theodosia Champkin,tchampkine7@washingtonpost.com,10/9/1999,5564 Loftsgordon Way,1
2857235,Willi Yitzovicz,wyitzovicze8@bandcamp.com,7/23/1999,493 Swallow Drive,1
2826515,Sileas Nolda,snoldae9@paginegialle.it,6/11/1998,447 Briar Crest Crossing,2
2867500,Claire Powlett,cpowlettea@google.fr,9/12/1990,380 Darwin Alley,1
2826543,Micah Bertolaccini,mbertolaccinieb@github.io,12/17/2002,89 Pond Road,2
2834304,Hertha Bartlet,hbartletec@walmart.com,5/5/1992,8131 Stuart Center,3
2822138,Nilson Glencros,nglencrosed@house.gov,9/29/1995,066 Burrows Center,3
2847139,Vergil Fairburne,vfairburneee@goo.gl,4/27/1998,554 Union Parkway,1
2899011,Chickie Clipston,cclipstonef@tumblr.com,12/25/1994,6 Northport Drive,3
2807311,Guthry Kilmister,gkilmistereg@aol.com,7/5/1990,2 Independence Junction,3
2807409,Maurise Winsom,mwinsomeh@dmoz.org,1/28/2003,7885 Lake View Park,2
2882088,Willabella Kubera,wkuberaei@a8.net,4/27/2000,08696 Red Cloud Place,1
2838560,Rockwell Ledster,rledsterej@dyndns.org,6/3/1992,2 Golf Center,4
2885426,Ronnie De Freyne,rdeek@answers.com,12/21/1994,34 Dovetail Way,1
2848221,Nicoli Assiter,nassiterel@php.net,4/9/2003,74 Forster Crossing,1
2863201,Hillel Brabant,hbrabantem@surveymonkey.com,11/16/1991,8520 Waywood Lane,3
2820522,Dee dee Kingerby,ddeeen@ox.ac.uk,10/16/1991,05 La Follette Alley,1
2811718,Wynny Lombardo,wlombardoeo@wired.com,3/19/1992,1 Pierstorff Alley,1
2810061,Dasie Bullock,dbullockep@creativecommons.org,9/21/1993,146 Rutledge Pass,4
2889471,Lorne Basill,lbasilleq@accuweather.com,4/7/1994,5 Sunnyside Lane,1
2815804,Consalve Tarbin,ctarbiner@toplist.cz,1/31/1993,51 Elmside Junction,3
2827922,Truda Foley,tfoleyes@harvard.edu,1/8/1995,613 Namekagon Crossing,1
2841991,Hill McDaid,hmcdaidet@hhs.gov,8/6/1996,244 Drewry Lane,3
2853994,Enrichetta Harsant,eharsanteu@scientificamerican.com,2/17/1995,049 Acker Trail,1
2890142,Tiffy Scoble,tscobleev@geocities.com,6/10/1990,50696 Hagan Alley,2
2813634,Emalee Jemmison,ejemmisonew@mayoclinic.com,9/16/1999,45 Crowley Circle,4
2880271,Anneliese Gorton,agortonex@google.pl,2/25/1991,0 Mccormick Avenue,1
2838328,Noell Carvell,ncarvelley@springer.com,2/24/1998,16 1st Drive,3
2880773,Anabal Croxford,acroxfordez@cnn.com,7/24/1990,4879 Summerview Circle,2
2804508,Carlina Castro,ccastrof0@lulu.com,8/20/1992,26343 Harbort Center,4
2899969,Denyse Buller,dbullerf1@webeden.co.uk,2/13/1997,818 Fairfield Junction,3
2828981,Pavlov Olifard,polifardf2@example.com,4/25/1998,6 Namekagon Hill,3
2876741,Ardenia Sustins,asustinsf3@cam.ac.uk,9/13/1992,2935 Forster Crossing,3
2887696,Maiga Earwaker,mearwakerf4@walmart.com,3/8/1999,9398 Everett Crossing,2
2887910,Agace Farn,afarnf5@cnn.com,8/7/1999,42 Judy Point,1
2862339,Cesya Vanyushin,cvanyushinf6@latimes.com,8/16/2002,121 Old Gate Avenue,1
2885913,Keely Innott,kinnottf7@ameblo.jp,7/14/1992,329 Elgar Terrace,2
2819220,Bert Favel,bfavelf8@artisteer.com,4/18/2000,2094 Thackeray Way,1
2852415,Edita Edelheit,eedelheitf9@vkontakte.ru,3/22/2001,1325 Mallard Crossing,2
2838204,Rudolfo Wilkenson,rwilkensonfa@wikimedia.org,7/14/1994,32514 Reinke Lane,1
2832386,Kennie Treves,ktrevesfb@ning.com,5/30/2000,2 Milwaukee Center,3
2806354,Artemus Longthorn,alongthornfc@ehow.com,10/23/1994,410 Messerschmidt Court,4
2854544,Eudora Dodridge,edodridgefd@ucla.edu,5/20/2003,6370 Ronald Regan Plaza,1
2805154,Myriam Dauber,mdauberfe@engadget.com,12/8/2002,1296 Elka Drive,1
2820856,Adler Flavelle,aflavelleff@shareasale.com,12/4/1998,41625 New Castle Hill,1
2876660,Gregg Busen,gbusenfg@patch.com,4/6/1996,11755 Hintze Alley,3
2894330,Eldin Love,elovefh@cloudflare.com,3/14/2002,46 American Ash Street,1
2806964,Quintana Pettiford,qpettifordfi@google.fr,9/4/1995,15 Blackbird Center,4
2892795,Waly Fitzhenry,wfitzhenryfj@reuters.com,1/29/1998,3 Delladonna Hill,1
2867437,Bekki Buckthorpe,bbuckthorpefk@bing.com,12/23/1992,7584 Barnett Avenue,2
2855416,Sim Challace,schallacefl@geocities.jp,4/3/2003,0 Dahle Avenue,1
2870711,Judith Fullom,jfullomfm@google.ru,8/10/1998,6 Sage Terrace,1
2841604,Blinny Emmott,bemmottfn@latimes.com,9/7/1999,5058 Buhler Place,2
2876327,Gareth Milam,gmilamfp@adobe.com,6/22/1990,378 Springs Pass,4
2856556,Dniren Wagge,dwaggefq@1688.com,6/28/2003,112 Green Ridge Junction,1
2853215,Abbie Maccrae,amaccraefr@over-blog.com,9/14/1996,64 Mallard Plaza,1
2832876,Glenda Barfitt,gbarfittfs@imgur.com,8/4/1990,1933 Marcy Way,4
2843958,Fernande Parbrook,fparbrookft@typepad.com,3/13/1999,3549 Del Mar Court,1
2851574,Shay McTeer,smcteerfu@ed.gov,5/5/2000,510 Mcbride Center,1
2864197,Maryanna Klainman,mklainmanfv@csmonitor.com,5/17/1992,149 Lakeland Road,3
2844580,Benyamin Ruddle,bruddlefw@w3.org,11/17/2003,47 Vera Way,3
2840947,Pace MacDonogh,pmacdonoghfx@hibu.com,7/22/1997,459 Bellgrove Pass,2
2824001,Maia Halle,mhallefy@sbwire.com,3/12/1992,0949 Brown Park,2
2862403,Joshuah Jarmain,jjarmainfz@cpanel.net,9/11/2000,5 Vahlen Terrace,1
2874687,Tallie Breukelman,tbreukelmang0@opensource.org,1/28/1996,2646 Birchwood Street,1
2883362,Gawen Hellicar,ghellicarg1@prnewswire.com,1/24/2002,99 School Crossing,2
2810657,Meara Harroway,mharrowayg2@weebly.com,6/7/2001,7690 Center Road,4
2888917,Odelinda Portis,oportisg3@nature.com,12/13/1996,386 Helena Court,2
2843920,Luca Witheridge,lwitheridgeg4@tripod.com,5/20/2003,04 Schlimgen Circle,4
2854565,Julie Corstorphine,jcorstorphineg5@mediafire.com,5/27/1998,242 Jenna Road,1
2874119,Willis Jaycox,wjaycoxg6@army.mil,10/5/1994,3002 Golden Leaf Parkway,1
2889263,Melisent Iltchev,miltchevg7@uiuc.edu,2/8/1996,870 Shoshone Drive,3
2870912,Sloane Gurton,sgurtong8@kickstarter.com,3/31/1994,31543 Kenwood Trail,1
2811838,Marlyn Hackin,mhacking9@usgs.gov,3/27/2003,7 Cottonwood Court,3
2858299,Donnajean Shreeves,dshreevesga@ovh.net,3/30/2002,229 Carey Hill,4
2892028,Clair Garms,cgarmsgb@spiegel.de,10/20/1992,1229 Laurel Crossing,3
2820247,Ida Eggins,iegginsgc@51.la,7/28/1995,2 Fulton Court,4
2836765,Odell Trubshawe,otrubshawegd@washington.edu,8/23/2002,1820 Pawling Point,4
2804785,Fallon Westcot,fwestcotge@mail.ru,7/9/1990,3545 La Follette Plaza,4
2863827,Wrennie Rodear,wrodeargf@vinaora.com,1/1/2000,0 Dwight Pass,3
2835230,Heloise Pharo,hpharogg@purevolume.com,2/7/1998,2 Village Pass,2
2825669,Lebbie Strickler,lstricklergh@instagram.com,7/4/1990,4678 Comanche Junction,3
2858958,Lissy Kurton,lkurtongi@ebay.com,4/17/1994,5816 Melvin Road,1
2867245,Robbyn Hawarden,rhawardengj@hp.com,8/31/2003,9174 South Road,1
2894820,Duky Levett,dlevettgk@reference.com,4/21/2003,9 Center Alley,3
2801305,Tabbi Kuhn,tkuhngl@canalblog.com,6/24/2000,5 Katie Point,1
2846956,Shoshana Lant,slantgm@purevolume.com,11/16/1996,394 Comanche Alley,4
2837928,Mia Southcoat,msouthcoatgn@example.com,6/3/1990,2758 Carberry Place,2
2862179,Tedda Rushman,trushmango@dagondesign.com,11/21/2003,466 Rutledge Court,1
2802322,Edd Balfe,ebalfegp@blinklist.com,7/4/1990,1455 Old Gate Street,3
2811389,Rosy Ludgate,rludgategq@mtv.com,1/15/2003,810 Algoma Crossing,2
2891046,Kit McIlenna,kmcilennagr@histats.com,2/7/1990,6519 Eastwood Circle,4
2804499,Gran Stapells,gstapellsgs@macromedia.com,9/16/1996,8209 Burning Wood Junction,2
2805573,Nannie Sylvester,nsylvestergt@hubpages.com,5/11/1999,4 Haas Lane,3
2810207,Artur Calender,acalendergu@istockphoto.com,11/19/1991,917 Schiller Center,3
2859516,Hoyt Tindley,htindleygv@columbia.edu,8/3/1996,366 Kipling Terrace,3
2847998,Shalna Jeffers,sjeffersgw@cam.ac.uk,6/12/2003,13427 Washington Drive,3
2898054,Saul Penton,spentongx@npr.org,5/21/1990,0 Sheridan Lane,2
2822045,Wilburt Broadstock,wbroadstockgy@lycos.com,8/13/1991,55 Dahle Plaza,2
2878889,Clemmie Lipyeat,clipyeatgz@friendfeed.com,5/1/2002,3795 Rockefeller Place,1
2830609,Alva Bathoe,abathoeh0@cnet.com,2/14/1991,1 Golf Avenue,3
2890394,Mareah Torrejon,mtorrejonh1@prnewswire.com,5/30/1994,16501 Algoma Point,4
2886547,Jabez Gegg,jgeggh2@mlb.com,5/18/1996,03867 Nancy Pass,1
2879294,Caresa Suscens,csuscensh3@drupal.org,7/21/2000,46 Sherman Trail,1
2892506,Gun Heskey,gheskeyh4@newyorker.com,4/29/2003,36 Arrowood Trail,2
2893281,Ebony Bewick,ebewickh5@unicef.org,9/12/2001,2 Forest Terrace,1
2870138,Brittni Ince,binceh6@symantec.com,6/28/1996,83910 Mendota Parkway,2
2889710,Zach Mummery,zmummeryh7@deviantart.com,12/19/1992,3154 Trailsway Terrace,1
2812127,Xylina Bryning,xbryningh8@smugmug.com,6/1/1990,3 Russell Park,1
2873573,Maxie Feaveryear,mfeaveryearh9@adobe.com,6/4/1997,8763 Grayhawk Trail,3
2835456,Eloise Moiser,emoiserha@google.es,1/20/2001,57911 Kropf Way,1
2877602,Chelsy Lahiff,clahiffhb@zdnet.com,10/1/1992,2 Milwaukee Center,1
2836848,Devonna Worlidge,dworlidgehc@hhs.gov,8/29/1997,018 Packers Point,1
2843120,Nataline Calbert,ncalberthd@mysql.com,5/10/1998,91912 Arkansas Circle,1
2862896,Nancie Eastop,neastophe@msn.com,12/18/1996,70730 Raven Drive,1
2881717,Wat Patershall,wpatershallhf@histats.com,3/17/1995,80 Schiller Center,3
2833765,Shoshanna Wollaston,swollastonhg@mozilla.com,2/24/1997,9624 Garrison Trail,1
2847777,Marjie Heaton,mheatonhh@amazon.de,10/7/1994,8689 Springview Lane,2
2862488,Sharona Robelet,srobelethi@jiathis.com,9/8/1995,430 Sheridan Hill,2
2896353,Bobbi Swinley,bswinleyhj@auda.org.au,12/29/1996,3 Schmedeman Crossing,1
2882264,Gabriela Lashley,glashleyhk@bizjournals.com,2/5/1990,0 Summerview Point,1
2813005,Dag Kinleyside,dkinleysidehl@gizmodo.com,12/8/1990,4304 Aberg Circle,4
2878367,Zsazsa Pacitti,zpacittihm@columbia.edu,7/12/1997,52412 Bluejay Parkway,3
2805328,Maridel Plewes,mpleweshn@youku.com,4/21/1998,1078 Clyde Gallagher Court,1
2805507,Brinna Leonida,bleonidaho@ocn.ne.jp,5/6/1997,46 Kinsman Way,2
2862472,Matthew Peppard,mpeppardhp@washington.edu,5/4/1998,749 Kim Court,3
2812201,Karie Poulston,kpoulstonhq@prnewswire.com,9/18/1995,12 Dixon Trail,1
2857848,Manfred Whittam,mwhittamhr@columbia.edu,6/11/1991,58380 Schmedeman Parkway,1
2836770,Petra Cowthard,pcowthardhs@blinklist.com,12/30/1994,7009 Bunker Hill Court,2
2877710,Davie Paterno,dpaternoht@wordpress.com,7/13/1993,42 Sullivan Point,1
2872187,Imojean MacRierie,imacrieriehu@linkedin.com,10/23/1998,9 Killdeer Park,1
2890244,Anni Couling,acoulinghv@ucla.edu,11/2/1990,82899 Homewood Terrace,4
2833416,Wenonah Rapinett,wrapinetthw@fastcompany.com,7/19/1999,4260 Susan Crossing,2
2882809,Lettie Lindl,llindlhx@apple.com,11/4/1994,4658 Monica Place,1
2889210,Den Zanitti,dzanittihy@unc.edu,5/4/1994,683 Sage Drive,3
2805946,Klement Girardey,kgirardeyhz@bandcamp.com,10/15/2001,7 Carioca Park,3
2866305,Skipp Sidle,ssidlei0@washington.edu,5/15/1994,2 Drewry Way,3
2817005,Vaughan Dowling,vdowlingi1@alexa.com,6/10/1990,889 Sugar Parkway,2
2846893,Caty Ligoe,cligoei2@sogou.com,7/16/1993,03 Brentwood Avenue,3
2800695,Wally Pionter,wpionteri3@fc2.com,10/17/2002,05231 Mendota Trail,1
2802717,Nataline Duffer,ndufferi4@ft.com,11/14/1992,7 Elmside Alley,2
2844048,Halsy Goggey,hgoggeyi5@sina.com.cn,8/23/1995,2943 Grasskamp Pass,1
2826754,Gallagher Keyworth,gkeyworthi6@goo.ne.jp,7/28/1994,05 Dunning Trail,1
2886436,Merrili O' Ronan,moi7@linkedin.com,7/21/1996,78498 Sutteridge Alley,4
2898316,Sari Clara,sclarai8@tinyurl.com,1/29/1995,439 Golf Course Junction,2
2860461,Ashli Von Welldun,avoni9@moonfruit.com,4/21/1998,7 Dahle Plaza,3
2880622,Katleen Bullin,kbullinia@yale.edu,9/9/1996,08618 Laurel Street,1
2856250,Karola Dimitrov,kdimitrovib@indiegogo.com,6/9/1991,14 Del Mar Way,3
2865729,Kareem Colcutt,kcolcuttic@yellowpages.com,6/20/1995,3 Jana Court,1
2813398,Fayre Rathborne,frathborneid@spiegel.de,4/26/2000,535 Scofield Hill,2
2837524,Gabi Mitchel,gmitchelie@cnet.com,9/22/2000,7 Waxwing Pass,1
2868696,Anabelle Scurrey,ascurreyif@webeden.co.uk,3/5/1993,1422 Scofield Parkway,4
2831765,Uri Churly,uchurlyig@google.com.au,8/24/2000,3631 Prairieview Crossing,1
2893158,Elwin Rambaut,erambautih@narod.ru,6/22/2002,6385 Loomis Hill,3
2844801,Sisile Stotherfield,sstotherfieldii@hexun.com,7/14/1997,4210 Crowley Center,1
2837931,Florence Withrop,fwithropij@dagondesign.com,10/25/1999,0067 Independence Terrace,1
2882240,Arte Grigoliis,agrigoliisik@psu.edu,11/18/2000,98268 Riverside Way,4
2856942,Candace Buddleigh,cbuddleighil@google.co.jp,12/11/2000,8090 Loftsgordon Plaza,1
2826701,Whitney Siret,wsiretim@friendfeed.com,9/28/1998,6450 Dennis Point,1
2822843,Quinn Strivens,qstrivensin@boston.com,11/28/2001,343 Esch Trail,2
2835305,Heath Wykey,hwykeyio@bbc.co.uk,3/11/1990,4515 Mesta Road,1
2838938,Wald Effnert,weffnertip@chronoengine.com,7/24/1998,83272 Atwood Center,1
2882784,Merci Romagosa,mromagosaiq@constantcontact.com,9/18/1995,44860 Armistice Street,1
2860141,Finley Mudge,fmudgeir@eepurl.com,5/28/1992,65398 Browning Circle,3
2847172,Stanfield Danniel,sdannielis@instagram.com,10/13/2003,92 Pearson Center,1
2858174,Darrick Elbourn,delbourniu@vkontakte.ru,11/19/1990,06 Magdeline Alley,1
2827861,Dannie Stubbert,dstubbertiv@weather.com,10/2/1993,321 Glendale Center,1
2897655,Janela Fallon,jfalloniw@meetup.com,10/28/1998,9467 Buhler Pass,2
2880016,Mord Simpson,msimpsonix@netlog.com,5/19/1993,64986 American Point,1
2891160,Valentin Urlin,vurliniy@typepad.com,12/17/2003,8 Montana Circle,2
2899046,Phylys Maun,pmauniz@comsenz.com,12/1/1999,6 Artisan Way,1
2890661,Ephrayim Hollow,ehollowj0@diigo.com,10/4/1993,21 Buhler Point,1
2823863,Orren Flaubert,oflaubertj1@opera.com,2/19/1999,751 Mifflin Street,2
2822770,Lucy Haggerstone,lhaggerstonej2@mac.com,1/22/2002,2 Oakridge Pass,1
2804014,Joseph Begent,jbegentj3@cloudflare.com,5/29/1990,4 Superior Circle,1
2808283,Rainer Martinie,rmartiniej4@usnews.com,12/21/2000,8579 Reindahl Junction,2
2849087,Jermaine Swalteridge,jswalteridgej5@wikipedia.org,8/9/2002,428 Talisman Junction,3
2877595,Weston Caldaro,wcaldaroj6@google.ca,9/13/1991,7969 Brickson Park Crossing,1
2805749,Leonard Roe,lroej7@loc.gov,3/21/1990,37 Lakewood Gardens Drive,2
2894101,Rafaelita Kintish,rkintishj8@w3.org,6/4/2001,533 Grim Way,2
2850879,Ryon Matushevich,rmatushevichj9@pcworld.com,5/16/2002,68 Ohio Street,3
2815450,Dominique Petts,dpettsja@tiny.cc,7/9/2002,7 Shasta Center,2
2838063,Sully Renals,srenalsjb@hibu.com,8/10/1999,76 Gina Terrace,2
2860370,Fionna Goodings,fgoodingsjc@vistaprint.com,9/24/1995,3 Acker Trail,1
2854900,Sibilla Dugmore,sdugmorejd@narod.ru,3/4/1990,8 Onsgard Parkway,1
2860961,Reed Bolmann,rbolmannje@wsj.com,9/28/2003,4 Tomscot Pass,2
2825940,Loraine Embra,lembrajf@chicagotribune.com,11/28/1992,6372 Service Lane,1
2883198,Jess Ovendale,jovendalejg@netlog.com,8/26/1991,5527 Corben Street,1
2878590,Moss Jacquemard,mjacquemardjh@yelp.com,4/2/1991,1250 Rigney Road,1
2875509,Benoit Westfalen,bwestfalenji@qq.com,9/13/1994,1 Jay Place,3
2804094,Morlee Addlestone,maddlestonejj@epa.gov,10/18/1998,28 Shasta Road,2
2885806,Robinet Vaszoly,rvaszolyjk@dion.ne.jp,1/28/1992,87096 Ronald Regan Crossing,2
2823602,Olly Peppett,opeppettjl@photobucket.com,1/13/2000,476 Talisman Trail,2
2862563,Valera Wyson,vwysonjm@latimes.com,1/11/2000,62 Mcbride Terrace,1
2832927,Brier Tampin,btampinjn@xrea.com,12/25/1990,33 Schurz Street,1
2821819,Averell Pyer,apyerjo@wired.com,3/11/1995,1002 Buhler Point,2
2833641,Amata Joscelyne,ajoscelynejp@apache.org,3/26/1991,890 Pankratz Way,1
2890537,Ajay Leinster,aleinsterjq@livejournal.com,6/15/1994,3 Northview Terrace,1
2816484,Liuka Showen,lshowenjr@github.com,4/24/1999,3952 Nancy Alley,1
2899558,Barrie Bugden,bbugdenjs@pcworld.com,10/10/1994,8957 Dottie Parkway,1
2867729,Whitby Esslement,wesslementjt@hexun.com,1/5/1992,75 Ohio Terrace,1
2835805,Paloma Field,pfieldju@google.fr,6/26/1999,8 Red Cloud Place,1
2866989,Vivianna Taffrey,vtaffreyjv@opensource.org,9/20/1996,272 Jana Pass,2
2872675,Calhoun Seyers,cseyersjw@youtu.be,11/5/1997,8 Northland Road,2
2856562,Lydon Gors,lgorsjx@indiatimes.com,10/1/1994,6122 Elka Point,1
2872549,Loni Genty,lgentyjy@latimes.com,3/23/1992,050 Lerdahl Junction,4
2858190,King Blaycock,kblaycockjz@weebly.com,1/6/1991,57318 Canary Junction,1
2827335,Malory MacCawley,mmaccawleyk0@cyberchimps.com,2/22/1991,350 Kipling Pass,1
2825150,Mariann Tureville,mturevillek1@alexa.com,10/31/1995,87435 Arapahoe Crossing,1
2812969,Arabelle Pedgrift,apedgriftk2@usatoday.com,12/2/1999,32091 Oneill Trail,1
2893105,Joe Whatford,jwhatfordk3@newsvine.com,8/5/1994,98512 Center Pass,1
2869743,Vachel Boorman,vboormank4@about.com,9/5/1998,3785 Cottonwood Drive,2
2869057,Shena Brockton,sbrocktonk5@fotki.com,3/27/1998,3468 Dwight Alley,1
2836015,Delila Carsey,dcarseyk6@booking.com,9/17/1994,712 Gateway Street,1
2887226,Tobie Hancorn,thancornk7@mtv.com,7/2/1997,43830 Sundown Road,1
2857584,Elberta Jakel,ejakelk8@fema.gov,8/8/1996,09092 Badeau Park,2
2896075,Lorens Normant,lnormantk9@wikimedia.org,9/19/1993,180 Vidon Hill,1
2885261,Maybelle Thewys,mthewyska@oakley.com,2/13/1992,409 Village Green Lane,2
2850547,Pascale Bendan,pbendankb@yolasite.com,5/1/1994,9 Oneill Junction,1
2846451,Melosa Fretter,mfretterkc@thetimes.co.uk,9/5/2002,8 Badeau Pass,1
2880160,Matthus Getcliffe,mgetcliffekd@sciencedirect.com,3/25/1995,87473 Gateway Place,2
2893957,Nathan Chinnock,nchinnockke@comcast.net,11/26/1993,57 Green Trail,1
2878175,Bibbye Libbie,blibbiekf@utexas.edu,10/2/1995,591 Londonderry Terrace,1
2833154,Georgine Womersley,gwomersleykg@toplist.cz,11/6/1990,53 Milwaukee Lane,1
2847901,Brigida Chuck,bchuckkh@java.com,5/30/2001,690 Pine View Avenue,2
2807372,Thorsten McNabb,tmcnabbki@php.net,12/25/1996,9 Village Green Circle,1
2831983,Averil Traves,atraveskj@github.io,6/30/1993,3449 Fisk Trail,1
2843183,Leodora Gumly,lgumlykk@hp.com,6/2/1998,2915 Brickson Park Street,1
2837536,Michell Venard,mvenardkl@cdbaby.com,3/10/1999,9 High Crossing Parkway,3
2853857,Loree Depper,ldepperkm@multiply.com,8/17/1994,57829 Mitchell Center,1
2810656,Dana Thuillier,dthuillierkn@nba.com,5/27/1998,2398 Sutteridge Plaza,1
2862587,Lucho Brouwer,lbrouwerko@hud.gov,11/8/1995,348 Dayton Street,2
2802111,Stormy Scholtis,sscholtiskp@princeton.edu,11/12/1997,496 Havey Pass,4
2809998,Elmira Bram,ebramkq@si.edu,4/10/1999,485 Forest Dale Park,3
2807128,Marena Dawdary,mdawdarykr@usnews.com,2/1/1994,20601 Calypso Hill,4
2818769,Mellicent Lakenton,mlakentonks@google.co.jp,1/12/1995,007 Village Green Pass,1
2815827,Leeanne Rosenthaler,lrosenthalerkt@google.com.hk,4/26/1992,370 Village Green Drive,2
2884568,Bobina Stelljes,bstelljesku@homestead.com,6/10/2002,4136 Twin Pines Place,4
2885499,Malcolm Paddy,mpaddykv@sciencedirect.com,11/12/1998,6 Southridge Street,3
2891631,Stu Deners,sdenerskw@feedburner.com,10/7/1993,209 Del Sol Alley,1
2844988,Cymbre Sapauton,csapautonkx@walmart.com,11/16/1996,103 Sundown Court,1
2826568,Fawnia Killimister,fkillimisterky@dion.ne.jp,4/18/2002,81 Dawn Trail,2
2826583,Kyle Leggen,kleggenkz@webmd.com,8/2/1996,783 Hoepker Junction,1
2830796,Vonnie Pollastrone,vpollastronel0@comcast.net,12/11/2003,4 Carey Road,4
2877708,Cherice Schelle,cschellel1@howstuffworks.com,3/24/1991,4 Valley Edge Plaza,2
2833062,Martynne Castelli,mcastellil2@friendfeed.com,1/4/1990,59857 Boyd Park,4
2884605,Koral Doughty,kdoughtyl3@slideshare.net,2/16/2001,9 Esker Road,1
2827579,Noellyn Zoppie,nzoppiel4@ning.com,8/27/2002,86793 Kenwood Point,1
2813228,Kaitlynn Braams,kbraamsl5@washingtonpost.com,6/19/1990,6 Fisk Junction,2
2846130,Charline Mewrcik,cmewrcikl6@merriam-webster.com,11/19/1995,409 Red Cloud Center,3
2801558,Iosep Rowsel,irowsell7@businesswire.com,11/2/1991,5 Waxwing Crossing,3
2897433,Neddie Raine,nrainel8@woothemes.com,8/21/1999,419 Lunder Lane,1
2829513,Andy Sowte,asowtel9@amazonaws.com,2/9/1990,31 Jana Street,3
2864784,Trixy Iskowicz,tiskowiczla@yahoo.com,4/19/1995,6 Vidon Junction,1
2847419,Constantin Goodyer,cgoodyerlb@bloglines.com,12/21/1996,2 Mcbride Circle,2
2842733,Carmelia Ghio,cghiolc@ft.com,10/26/1999,8 Carberry Hill,1
2848272,Anet Lamboll,alambollld@blog.com,8/8/1995,9413 Redwing Road,2
2814085,Hillary Cuxson,hcuxsonle@chron.com,4/28/2000,8 Commercial Terrace,1
2842475,Luce Krystek,lkrysteklf@umn.edu,9/20/1999,0 Loftsgordon Court,1
2868251,Easter McCaskill,emccaskilllg@mit.edu,2/6/1994,569 Mosinee Hill,2
2869431,Simone Kears,skearslh@spotify.com,11/14/1991,184 Namekagon Terrace,1
2818768,Jamesy Steiner,jsteinerli@ox.ac.uk,3/24/1993,29 Beilfuss Pass,2
2828937,Blondy McCambrois,bmccambroislj@patch.com,3/25/1996,50 Talmadge Plaza,1
2826299,Stirling Robion,srobionlk@hao123.com,12/15/1998,0 Milwaukee Street,4
2838875,Merilyn MacLeod,mmacleodlm@joomla.org,4/19/2002,4541 Randy Pass,2
2837087,Wilma Armer,warmerln@hc360.com,9/10/1996,29 Harper Avenue,1
2876626,Somerset Roseby,srosebylo@soup.io,4/30/1994,027 Miller Pass,2
2841080,Crystie Nutkins,cnutkinslp@flickr.com,10/8/1990,0 Thackeray Crossing,1
2863421,Carr Neggrini,cneggrinilq@unesco.org,1/4/1992,569 Sutteridge Crossing,1
2840804,Skye Frail,sfraillr@ning.com,2/11/1993,2817 Brown Terrace,2
2863236,Susannah McMearty,smcmeartyls@economist.com,10/31/1992,4 Dunning Way,1
2809470,Clair Boydon,cboydonlt@marriott.com,3/28/1993,7 Columbus Parkway,1
2835399,Tomasine Bertomeu,tbertomeulu@hubpages.com,12/16/1991,33118 Sherman Circle,1
2831998,Natalie Hovell,nhovelllv@accuweather.com,3/1/1992,87953 Forest Run Terrace,1
2858539,Margaretha Lidgard,mlidgardlw@list-manage.com,3/29/1995,421 Roxbury Road,2
2859749,Igor Beecheno,ibeechenolx@scientificamerican.com,9/29/1995,87193 Loftsgordon Avenue,3
2838711,Heidi Tithecote,htithecotely@gizmodo.com,12/15/1995,2106 Carey Center,2
2818164,Eyde Normanton,enormantonlz@boston.com,5/10/2002,6082 Dottie Point,1
2811251,Elene Dafydd,edafyddm0@bbb.org,7/17/1997,2 Susan Plaza,1
2861819,Wilone Oswick,woswickm1@t-online.de,10/15/2000,1102 Trailsway Avenue,1
2869947,Nata Kleszinski,nkleszinskim2@reddit.com,11/27/2000,3941 Thackeray Alley,4
2825920,Wilfred Morrall,wmorrallm3@biglobe.ne.jp,9/6/1990,9 Cottonwood Alley,2
2848677,Agnola Hutton,ahuttonm4@wsj.com,6/3/1997,40 Riverside Point,1
2859117,Blancha Midson,bmidsonm5@unc.edu,11/19/2002,82 Red Cloud Junction,2
2833643,Justino Townrow,jtownrowm6@newyorker.com,8/27/2003,8 Nobel Junction,3
2825531,Robbin Elcy,relcym7@uiuc.edu,10/8/2002,14479 Maple Wood Street,3
2834442,Jane Arnason,jarnasonm8@earthlink.net,9/21/1990,329 Oak Court,2
2889989,Bernardina Brailsford,bbrailsfordm9@ibm.com,5/12/2000,08 Knutson Pass,1
2881076,Kelsi Grichukhin,kgrichukhinma@hexun.com,8/10/1998,0 Kim Trail,1
2834818,Marna Buse,mbusemb@netvibes.com,12/13/1991,78 Gateway Center,2
2823589,Patrick Patton,ppattonmc@salon.com,6/19/1999,9 Alpine Court,4
2825766,Gerik Tremberth,gtremberthmd@mysql.com,9/13/1998,61077 Holy Cross Circle,1
2871149,Hadrian Ostrich,hostrichme@xing.com,1/31/1996,06 Truax Plaza,1
2817091,Sal Bradbury,sbradburymf@marketwatch.com,1/3/1995,7306 Morning Drive,1
2805192,Rustie Larby,rlarbymg@berkeley.edu,7/10/1998,778 Waubesa Point,2
2809431,Angus Hellwich,ahellwichmh@chronoengine.com,10/9/2000,727 Maple Terrace,1
2882250,Kristan Wye,kwyemi@nifty.com,6/4/1990,07334 Arizona Trail,3
2823361,Lindsay Pruckner,lprucknermj@tumblr.com,7/5/2001,03 Rockefeller Point,1
2877405,Annice Billows,abillowsmk@gravatar.com,4/4/1999,19 Packers Pass,3
2815394,Tatiana Glassard,tglassardml@icq.com,11/16/1995,076 Northview Drive,1
2857219,Nobe Minihan,nminihanmm@statcounter.com,8/19/1997,315 Summit Park,1
2865758,Vanni Floris,vflorismn@thetimes.co.uk,12/26/1992,55 Novick Plaza,1
2833045,Hedi Woodhouse,hwoodhousemo@goodreads.com,3/18/1998,703 Lakeland Way,2
2806186,Bard Vegas,bvegasmp@mysql.com,7/22/2001,749 Clarendon Way,2
2876719,Kizzie Dionisetto,kdionisettomq@examiner.com,7/16/1994,66 Loeprich Avenue,4
2856023,Kaitlin Roo,kroomr@mapy.cz,5/10/1990,14294 Garrison Hill,4
2825481,Jesus Fritschmann,jfritschmannms@techcrunch.com,9/29/1994,3 Buell Way,3
2808199,Glenda Goff,ggoffmt@dailymotion.com,8/29/2002,46998 Fairview Alley,1
2889211,Cordula Robichon,crobichonmu@examiner.com,3/9/1999,0 Lighthouse Bay Avenue,1
2817253,Caressa Percifer,cpercifermv@jimdo.com,4/5/1997,3112 Oriole Junction,2
2812253,Jasen Shorland,jshorlandmw@cornell.edu,8/11/2000,142 Summerview Lane,1
2840831,Cecilla Whimpenny,cwhimpennymx@jigsy.com,4/26/1990,1794 Cottonwood Crossing,2
2878389,Weston Quinney,wquinneymy@mapquest.com,10/1/1990,11935 Manitowish Place,1
2805653,Hasheem Iannazzi,hiannazzimz@harvard.edu,3/28/1998,1257 Caliangt Park,2
2891250,Dreddy Stembridge,dstembridgen0@taobao.com,8/26/1997,7560 Aberg Court,2
2817090,Shandee Cuttell,scuttelln1@toplist.cz,6/2/1997,49522 Raven Road,2
2859029,Laney Hixley,lhixleyn2@zimbio.com,8/13/1995,06 Dorton Alley,3
2802385,Dougy Gatehouse,dgatehousen3@gnu.org,8/4/1999,77 Hovde Avenue,3
2813861,Emilee Gilbey,egilbeyn4@4shared.com,2/5/1994,204 Cascade Crossing,1
2847820,Laney Raylton,lrayltonn5@cdc.gov,3/20/1996,30825 Northport Way,4
2859992,Zarah Solon,zsolonn6@usa.gov,1/22/1997,12806 Sunfield Way,1
2854067,Willy Craddy,wcraddyn7@webmd.com,5/5/1994,47 Talmadge Hill,3
2821752,Mady Blondelle,mblondellen8@yandex.ru,2/17/1995,75 Kinsman Terrace,1
2846146,Cosette Treble,ctreblen9@cyberchimps.com,4/15/1993,599 Caliangt Alley,2
2867699,Giulietta Kelsow,gkelsowna@wsj.com,7/18/1995,32711 Northwestern Point,1
2864399,Abdul Thresher,athreshernb@phoca.cz,6/19/1995,669 Killdeer Terrace,1
2808892,Ardath Darben,adarbennc@networkadvertising.org,2/26/1991,937 John Wall Hill,1
2800296,Kathe Hounsom,khounsomnd@illinois.edu,6/2/1994,0418 Moland Alley,1
2814231,Hallie Plante,hplantene@bbc.co.uk,12/31/2001,3944 Oak Valley Avenue,3
2865562,Cord Kester,ckesternf@mail.ru,2/24/2003,26 Lighthouse Bay Crossing,2
2822934,Adelheid Bussy,abussyng@msn.com,8/1/1995,64896 Maywood Drive,3
2818412,Harwilll Higgen,hhiggennh@mit.edu,4/24/2000,93216 Emmet Junction,1
2828659,Fax Korbmaker,fkorbmakerni@nytimes.com,11/17/1998,322 Fordem Court,2
2895629,Brien Morais,bmoraisnj@privacy.gov.au,11/7/1991,1 Reinke Terrace,2
2823316,Felecia Huard,fhuardnk@utexas.edu,8/2/1992,6 Arizona Hill,1
2831109,Jobi Perotti,jperottinl@pbs.org,12/1/1994,83 Crest Line Plaza,4
2806393,Hayward Bertomeu,hbertomeunm@weibo.com,4/24/1998,72 Northview Hill,2
2879529,Jo-anne Orts,jortsnn@networksolutions.com,5/23/1999,2238 Ridge Oak Court,3
2829962,Dorelle Lucken,dluckenno@fastcompany.com,8/7/1996,70787 Kenwood Place,4
2805683,Archaimbaud Pirie,apirienp@spiegel.de,4/25/1994,277 Burrows Parkway,1
2837186,Simona Littlechild,slittlechildnq@biblegateway.com,3/13/1993,796 Artisan Drive,2
2827652,Karisa Renzini,krenzininr@joomla.org,8/8/1996,715 Anthes Point,1
2844827,Elwira Andreucci,eandreuccins@cbc.ca,8/2/1993,75 Sutherland Court,1
2876954,Heloise Dimblebee,hdimblebeent@4shared.com,6/7/1993,2 Basil Hill,1
2827597,Ynez Tonna,ytonnanu@berkeley.edu,10/11/2000,31 Stone Corner Crossing,1
2852569,Cariotta Mityukov,cmityukovnv@cdc.gov,8/26/2001,4 Cascade Crossing,3
2844520,Douglas Schustl,dschustlnw@hibu.com,9/23/1994,5074 American Ash Lane,1
2844406,Odille Ibbett,oibbettnx@fema.gov,8/6/2000,5 Anderson Hill,1
2836799,Adelina Borit,aboritny@multiply.com,5/29/2002,104 Independence Alley,1
2839532,Haskell Dakers,hdakersnz@bbb.org,11/19/2003,82 Sloan Junction,4
2810808,Garold Skellington,gskellingtono0@zimbio.com,1/30/1993,7397 Tennessee Avenue,1
2870090,Lexine Bentke,lbentkeo1@furl.net,5/31/2002,94459 Sage Junction,1
2896053,Velma Jacob,vjacobo2@elegantthemes.com,9/5/1998,9 Arkansas Pass,1
2829944,Xever Bossons,xbossonso3@abc.net.au,2/18/2002,36 Harbort Road,4
2849906,Karlotta Liffe,kliffeo4@fc2.com,2/4/2001,179 Coolidge Plaza,3
2815327,Cindie Hadleigh,chadleigho5@people.com.cn,11/1/2003,9 Merrick Point,4
2869425,Dorthy Martini,dmartinio6@blogger.com,5/24/1990,487 Alpine Road,2
2838699,Glory Caddies,gcaddieso7@japanpost.jp,12/6/1997,630 Thierer Center,1
2801199,Jourdan Binny,jbinnyo8@photobucket.com,6/21/2003,83 Schurz Trail,1
2884449,Jeff Sarjant,jsarjanto9@mashable.com,6/26/1996,1205 Sommers Terrace,3
2878506,Hieronymus Varfalameev,hvarfalameevoa@canalblog.com,8/4/1998,2 Pond Trail,3
2874527,Cathrine Smith,csmithob@drupal.org,6/16/2003,90 Harbort Court,2
2872214,Roman Standbrook,rstandbrookoc@si.edu,4/9/1995,3067 Birchwood Drive,1
2804332,Giselbert Hawk,ghawkod@hugedomains.com,11/17/1994,51 Crest Line Pass,2
2804800,Jillayne Badini,jbadinioe@miitbeian.gov.cn,10/24/1992,52 Johnson Plaza,2
2841687,Antonella Patridge,apatridgeof@feedburner.com,11/2/1998,33 Truax Road,4
2804708,Cary Daddow,cdaddowog@newsvine.com,4/8/1997,5 Swallow Circle,1
2894958,Bruno Dawber,bdawberoh@google.it,11/11/1992,47 Bayside Junction,2
2811001,Silvanus Carse,scarseoi@zdnet.com,1/17/1995,63 Buhler Hill,1
2822518,Michale Yuille,myuilleoj@purevolume.com,10/25/1997,651 Lighthouse Bay Road,1
2887608,Dewain Tipper,dtipperok@wordpress.org,12/21/1991,8337 Gateway Circle,3
2804374,Tudor Smitherham,tsmitherhamol@usa.gov,4/28/2000,2 Independence Circle,2
2863304,Maurene Capponeer,mcapponeerom@tiny.cc,5/22/1993,81439 Pleasure Way,3
2871802,Harlen Arthan,harthanon@geocities.com,1/10/1992,174 Gale Court,4
2880828,Robinson Dalyell,rdalyelloo@sciencedaily.com,8/10/1995,311 Cascade Plaza,1
2869741,Oliy Creasey,ocreaseyop@walmart.com,12/26/1991,61879 Claremont Terrace,1
2859222,Germana Duffus,gduffusoq@aboutads.info,5/12/1996,52 Division Place,3
2873074,Anica Dewfall,adewfallor@phoca.cz,8/31/2000,05107 Michigan Drive,3
2829607,Rozalin Noirel,rnoirelos@miibeian.gov.cn,3/3/1993,62512 Weeping Birch Plaza,2
2848976,Carroll Anthes,canthesot@e-recht24.de,2/14/1995,9603 Stang Place,3
2805889,Alysia Dessaur,adessaurou@washingtonpost.com,10/19/1994,3 Lunder Center,2
2800176,Kare Spenclay,kspenclayov@tuttocitta.it,2/28/1990,8 Pearson Avenue,2
2887033,Immanuel Meynell,imeynellow@usatoday.com,10/6/2002,81 Linden Pass,1
2813943,Lianna Giraux,lgirauxox@umn.edu,7/18/2002,13 Summerview Plaza,2
2886378,Fulvia O'Bruen,fobruenoy@fastcompany.com,11/1/1998,472 Golf Drive,3
2870573,Devy Jeannesson,djeannessonoz@cyberchimps.com,7/3/1994,6 Coolidge Junction,2
2896514,Waylan Figliovanni,wfigliovannip0@furl.net,1/20/2003,9443 Barnett Parkway,2
2885627,Dallas Wilcocke,dwilcockep1@cnet.com,6/9/1995,8 Barnett Court,2
2809902,Audrey Stolte,astoltep2@mozilla.com,4/25/1997,7339 Jay Way,1
2872067,Tedd Cotta,tcottap3@geocities.com,1/18/1991,3760 Almo Junction,2
2803609,Atalanta Percy,apercyp4@unicef.org,6/24/2002,47 Merchant Crossing,2
2869562,Rhett Crisell,rcrisellp5@springer.com,6/17/1992,74 Maple Street,3
2884341,Hunfredo Shortin,hshortinp6@youtube.com,6/7/1998,658 Spohn Street,4
2841092,Ariella Vickarman,avickarmanp7@microsoft.com,12/23/2000,70 Fairview Pass,1
2828197,Dorry Van De Cappelle,dvanp8@163.com,3/23/1999,66 Judy Circle,1
2893996,Iseabal Pindell,ipindellp9@umich.edu,4/2/2002,60879 Atwood Court,4
2893564,Pam Greggersen,pgreggersenpa@stumbleupon.com,2/13/1991,9838 Forest Dale Plaza,1
2840866,Avigdor Threlkeld,athrelkeldpb@123-reg.co.uk,12/13/1993,8890 Spaight Crossing,2
2814054,Mae Gerault,mgeraultpc@wix.com,7/14/1999,12205 Anzinger Way,1
2891666,Danica Harlett,dharlettpd@dyndns.org,11/7/1993,2 Kedzie Junction,3
2851836,Bev Vodden,bvoddenpe@gnu.org,6/13/1994,4 Buell Trail,1
2810779,Melesa Szimon,mszimonpf@imdb.com,1/7/1992,34401 Summer Ridge Hill,3
2802611,Nonnah Regitz,nregitzpg@angelfire.com,9/6/1998,27015 Hanson Terrace,2
2822658,Lindsay Bertolin,lbertolinph@ameblo.jp,5/30/1997,95 Lotheville Park,1
2826510,Faustina Celli,fcellipi@apache.org,6/17/1993,19139 Mendota Circle,2
2848203,Viviana Wesgate,vwesgatepj@simplemachines.org,5/8/1992,48840 Katie Alley,2
2842320,Cullen Arnaut,carnautpk@cornell.edu,7/1/1993,780 Hintze Pass,2
2881544,Eadith Rugieri,erugieripl@vk.com,12/17/1997,753 Novick Park,1
2823146,Chiarra Brockwell,cbrockwellpm@sina.com.cn,3/30/1994,32 Columbus Park,1
2833524,Jill Hartness,jhartnesspn@sciencedirect.com,5/14/1992,921 Sloan Center,1
2896705,Tammi Maceur,tmaceurpo@whitehouse.gov,8/31/1995,09 Waxwing Way,1
2812240,Meade Maffioletti,mmaffiolettipp@bizjournals.com,5/17/2002,37 Veith Court,3
2808823,Rhona O'Leagham,roleaghampq@bloglines.com,3/21/1990,336 Forest Run Lane,1
2853751,Jyoti Tussaine,jtussainepr@hp.com,5/15/1992,1454 Katie Crossing,2
2806242,Alia Pressnell,apressnellps@hc360.com,7/8/1997,3507 Dottie Hill,1
2849407,Doralyn Lingley,dlingleypt@mozilla.com,10/20/1998,3 Village Point,1
2850843,Casandra Tawse,ctawsepu@rediff.com,8/1/1996,40693 Lawn Lane,3
2819192,Nickola Fowle,nfowlepv@360.cn,5/15/2002,42071 Nova Street,1
2850664,Ailina Tincombe,atincombepw@ustream.tv,3/29/1991,52372 Golden Leaf Lane,3
2839134,Bevvy Cowdery,bcowderypx@blinklist.com,6/23/1995,68872 Transport Court,1
2873644,Hanson Jesson,hjessonpy@ucla.edu,3/8/1997,3 Stephen Circle,2
2874589,Gaspard Biggs,gbiggspz@slideshare.net,4/11/1999,198 Northview Trail,1
2819702,Jorge Cardall,jcardallq0@howstuffworks.com,11/15/1993,8 Buhler Drive,1
2861022,Tammie Bartolic,tbartolicq1@dyndns.org,12/18/1999,86168 Corscot Place,1
2890553,Kamillah Pastor,kpastorq2@forbes.com,1/2/2000,07846 Buhler Drive,1
2884965,Kesley Gregs,kgregsq3@yellowpages.com,5/28/1991,9 Bellgrove Hill,1
2891455,Phaidra Bothams,pbothamsq4@va.gov,2/6/2000,1287 Tennyson Trail,1
2809187,Yves Klicher,yklicherq5@icq.com,8/20/2002,89520 Oriole Junction,3
2899234,Geoff Ginley,gginleyq6@biglobe.ne.jp,4/9/1999,82268 4th Place,2
2882777,Leandra Moynham,lmoynhamq7@dagondesign.com,8/16/2002,17425 Ludington Plaza,3
2895569,Richmond Ethington,rethingtonq8@ning.com,1/21/1991,47126 Ronald Regan Point,1
2860905,Ceil Filipson,cfilipsonq9@aboutads.info,4/27/1998,34333 Derek Terrace,1
2831326,Duff Demogeot,ddemogeotqa@aol.com,1/4/1993,1 Stuart Court,2
2857418,Maible Vsanelli,mvsanelliqb@walmart.com,7/13/1990,3 Thierer Terrace,3
2808880,Arv Plews,aplewsqc@google.de,2/22/1990,1 Di Loreto Crossing,2
2860215,Drucy Marsden,dmarsdenqd@pbs.org,11/1/2003,11 Atwood Court,2
2862190,Mallorie Barcke,mbarckeqe@indiatimes.com,12/9/1994,028 Merry Junction,3
2831654,Bev Elloit,belloitqf@wikispaces.com,1/30/1993,88 Atwood Park,1
2852838,Fanchette Buckam,fbuckamqg@amazon.de,7/3/1997,1 6th Place,2
2818949,Hatty Lassen,hlassenqh@wikispaces.com,8/14/1993,7262 Crownhardt Junction,1
2833001,Goldarina Poundsford,gpoundsfordqi@youtube.com,4/7/1991,523 Alpine Place,1
2880097,Diane-marie Ulster,dulsterqj@cam.ac.uk,6/17/1994,561 Washington Street,2
2846011,Andie Joao,ajoaoqk@prlog.org,1/19/1997,162 Melby Alley,2
2806097,Alikee Tappor,atapporql@icio.us,11/24/1995,78 Susan Drive,3
2889657,Roscoe Jessep,rjessepqm@xing.com,2/13/1992,52 Dennis Pass,1
2845594,Charita Stannion,cstannionqn@flavors.me,10/20/1992,3171 Waywood Avenue,1
2828277,Alexine Wilbore,awilboreqo@parallels.com,5/30/1996,7847 Washington Center,2
2894616,Georas Alison,galisonqp@unblog.fr,12/8/1994,40 Farmco Circle,3
2886873,Constance Leathe,cleatheqq@weebly.com,1/20/1990,2 Bayside Street,1
2810391,Chalmers Frankham,cfrankhamqr@google.com.hk,9/11/2002,017 Cherokee Court,1
2826355,Gaylene Stollenbecker,gstollenbeckerqs@infoseek.co.jp,9/28/1999,7204 Anzinger Junction,2
2850781,Johnny Riby,jribyqt@webeden.co.uk,8/29/2001,9 Pennsylvania Avenue,1
2894653,Jedediah Romke,jromkequ@discovery.com,12/28/2001,98 Mesta Crossing,1
2884814,Daisi Kenton,dkentonqv@hexun.com,6/21/1999,8 Bunker Hill Alley,1
2833806,Virgilio Beavon,vbeavonqw@biblegateway.com,3/3/1992,34530 Walton Terrace,1
2839743,Oona Janku,ojankuqx@state.tx.us,5/31/2001,4243 Oak Valley Lane,4
2824153,Fanya Fairman,ffairmanqy@shop-pro.jp,1/30/1998,2798 Merrick Avenue,2
2837502,Merrill Conws,mconwsqz@archive.org,4/14/2000,219 Independence Junction,3
2812628,Stuart Trinbey,strinbeyr0@cam.ac.uk,7/10/2003,31 Bartelt Crossing,2
2817146,Sandi Bagenal,sbagenalr1@redcross.org,11/11/1991,3 Luster Avenue,4
2859748,Hernando Rivilis,hrivilisr2@fema.gov,6/7/2003,41 Hudson Road,2
2823451,Ellswerth Clissell,eclissellr3@goo.ne.jp,4/19/1990,01 Mesta Lane,3
2860016,Selie Douch,sdouchr4@eventbrite.com,5/6/1998,998 Westridge Crossing,2
2823084,Hildegaard Shilton,hshiltonr5@statcounter.com,11/3/1991,81423 Aberg Plaza,2
2823139,Janos Hought,jhoughtr6@sbwire.com,11/16/1992,723 Carioca Crossing,2
2809633,Boycey Dyball,bdyballr7@ed.gov,8/17/2003,77 South Point,4
2804037,Bronson Chin,bchinr8@bravesites.com,7/13/1998,0 Autumn Leaf Street,3
2892113,Shelly Moyers,smoyersr9@weather.com,12/16/1995,65959 Hovde Street,3
2844564,Ryun Koenraad,rkoenraadra@paginegialle.it,6/13/1995,8434 Melvin Road,2
2818804,Heath Scandroot,hscandrootrb@linkedin.com,3/27/1999,22 Canary Terrace,1
2827558,Marti Teece,mteecerc@mac.com,1/31/1997,6 Gateway Lane,1
2813725,Luciana Bourges,lbourgesrd@shinystat.com,10/9/1993,92719 Pawling Point,1
2858711,Nina Caulliere,ncaullierere@reference.com,6/17/1998,75 Monument Lane,4
2884714,Almire Graser,agraserrf@google.co.uk,8/4/1993,88 Transport Place,2
2848114,Iona Rumming,irummingrg@senate.gov,5/19/1992,314 Schmedeman Way,1
2848977,Rozamond Brockbank,rbrockbankrh@netscape.com,11/3/2002,69 Green Ridge Place,1
2864306,Eddy Collidge,ecollidgeri@uiuc.edu,7/20/2000,1004 Reindahl Place,2
2862988,Rad Wevell,rwevellrj@tmall.com,10/2/1998,29606 Orin Way,1
2814915,Toni Braunlein,tbraunleinrk@washington.edu,3/1/1997,24289 Nevada Drive,1
2868966,George Levesque,glevesquerl@washingtonpost.com,3/5/2003,6359 Kinsman Lane,2
2800249,Corbett Havis,chavisrm@csmonitor.com,1/30/1993,1261 Lukken Court,1
2802273,Herb Reyburn,hreyburnrn@boston.com,12/19/2000,61915 Graedel Terrace,2
2877437,Shannen Marrows,smarrowsro@squarespace.com,7/22/1997,6884 Scofield Lane,2
2854041,Andy Thowless,athowlessrp@nsw.gov.au,2/21/1991,03 Eliot Place,1
2806249,Kat Hurry,khurryrq@w3.org,3/8/2001,838 Buhler Trail,2
2893467,Gare Glenny,gglennyrr@whitehouse.gov,9/24/1994,144 Doe Crossing Center,1
