2800176,Kare Spenclay,kspenclayov@tuttocitta.it,1990-02-28,8 Pearson Avenue,2
2800249,Corbett Havis,chavisrm@csmonitor.com,1993-01-30,1261 Lukken Court,1
2800296,Kathe Hounsom,khounsomnd@illinois.edu,1994-06-02,0418 Moland Alley,1
2800695,Wally Pionter,wpionteri3@fc2.com,2002-10-17,05231 Mendota Trail,1
2800779,Leena Reucastle,lreucastleam@archive.org,1996-03-09,52735 Sunfield Avenue,1
2800794,Olly O'Carney,oocarney5b@phpbb.com,2001-07-14,86055 Paget Pass,1
2800806,Carine Ierland,cierlandd9@slashdot.org,2003-05-02,5 Havey Center,1
2800930,Donielle Hartgill,dhartgillae@bbc.co.uk,2000-03-03,335 Carberry Lane,4
2801069,Lorine Klazenga,lklazenga8g@ycombinator.com,1997-10-29,993 Moulton Terrace,1
2801199,Jourdan Binny,jbinnyo8@photobucket.com,2003-06-21,83 Schurz Trail,1
2801268,Angelle Ducker,aducker4x@wikimedia.org,1999-06-24,2 Bunker Hill Park,1
2801305,Tabbi Kuhn,tkuhngl@canalblog.com,2000-06-24,5 Katie Point,1
2801333,Lalo Bawles,lbawles4w@feedburner.com,1996-08-12,01570 Holy Cross Court,1
2801558,Iosep Rowsel,irowsell7@businesswire.com,1991-11-02,5 Waxwing Crossing,3
2802020,Aurthur Rawkesby,arawkesby8z@dmoz.org,2001-10-06,7814 Messerschmidt Street,3
2802111,Stormy Scholtis,sscholtiskp@princeton.edu,1997-11-12,496 Havey Pass,4
2802192,Caitlin Ikringill,cikringill70@aol.com,2001-09-16,4554 Independence Crossing,1
2802273,Herb Reyburn,hreyburnrn@boston.com,2000-12-19,61915 Graedel Terrace,2
2802322,Edd Balfe,ebalfegp@blinklist.com,1990-07-04,1455 Old Gate Street,3
2802373,Merrili Coryndon,mcoryndonah@flavors.me,1996-10-30,926 Clyde Gallagher Park,4
2802385,Dougy Gatehouse,dgatehousen3@gnu.org,1999-08-04,77 Hovde Avenue,3
2802388,Christoffer Vaud,cvaud46@theglobeandmail.com,2000-10-17,50843 Wayridge Lane,4
2802396,Rosanna Croxall,rcroxallc6@ihg.com,1996-01-22,3 Randy Trail,1
2802611,Nonnah Regitz,nregitzpg@angelfire.com,1998-09-06,27015 Hanson Terrace,2
2802717,Nataline Duffer,ndufferi4@ft.com,1992-11-14,7 Elmside Alley,2
2802848,Dawn Greim,dgreimak@house.gov,1999-01-28,11 Forest Run Park,4
2802860,Zechariah Tute,ztutebn@i2i.jp,1991-06-10,734 Springview Circle,1
2802869,Cordie Billion,cbillion58@list-manage.com,1993-06-17,7461 Vernon Circle,2
2803034,Selma Rabson,srabson99@dailymotion.com,1994-10-06,191 Hollow Ridge Point,3
2803056,Audrey Giorgioni,agiorgioniq@usgs.gov,1995-01-16,1 Bayside Parkway,3
2803356,Dale Favell,dfavellcd@stanford.edu,1996-11-28,9454 8th Circle,1
2803576,Christin Ferreo,cferreo2z@cbc.ca,1998-11-01,92979 Burning Wood Trail,2
2803589,Carmine Cubbinelli,ccubbinelliab@live.com,1992-09-18,20 Kingsford Point,1
2803609,Atalanta Percy,apercyp4@unicef.org,2002-06-24,47 Merchant Crossing,2
2803675,Cindi Sewards,csewards2@oakley.com,1996-01-03,5633 Algoma Pass,2
2803780,Glynda Note,gnote96@shutterfly.com,1993-03-13,5 Loomis Center,2
2803863,Calhoun Bamlett,cbamlettb1@indiatimes.com,1991-05-12,0612 Muir Avenue,1
2804014,Joseph Begent,jbegentj3@cloudflare.com,1990-05-29,4 Superior Circle,1
2804037,Bronson Chin,bchinr8@bravesites.com,1998-07-13,0 Autumn Leaf Street,3
2804094,Morlee Addlestone,maddlestonejj@epa.gov,1998-10-18,28 Shasta Road,2
2804271,Zola Roget,zroget7q@rambler.ru,1990-08-07,7 Nobel Hill,3
2804272,Rebekah Covell,rcovell7y@feedburner.com,2001-03-31,9 Waubesa Plaza,1
2804292,Sibby Boffey,sboffey9c@mysql.com,2000-04-01,4 Utah Point,3
2804332,Giselbert Hawk,ghawkod@hugedomains.com,1994-11-17,51 Crest Line Pass,2
2804348,Zerk Guise,zguise1j@theatlantic.com,1992-10-15,98 Green Lane,3
2804374,Tudor Smitherham,tsmitherhamol@usa.gov,2000-04-28,2 Independence Circle,2
2804499,Gran Stapells,gstapellsgs@macromedia.com,1996-09-16,8209 Burning Wood Junction,2
2804508,Carlina Castro,ccastrof0@lulu.com,1992-08-20,26343 Harbort Center,4
2804514,Aretha Klimshuk,aklimshuk3p@wp.com,2003-07-11,6 Swallow Trail,3
2804708,Cary Daddow,cdaddowog@newsvine.com,1997-04-08,5 Swallow Circle,1
